COMZONE,occ2_cleric,occ2_constr,occ2_exec,occ2_farmer,occ2_finsales,occ2_mechanic,occ2_mgmtrel,occ2_mining,occ2_operator,occ2_otheragr,occ2_product,occ2_prof,occ2_retsales,occ2_tech,occ2_transp,occ3_beauty,occ3_child,occ3_clean,occ3_food,occ3_janitor,occ3_others,occ3_protect,occ3_recreation,occ3_shealth
1.0,1.004422765833061,0.7602864081141494,1.1105287562871806,0.7781352267912235,1.7438290840318438,1.033603000899225,1.41069720801952,0.5119816493990701,1.7007008151727907,1.7599468192841428,1.232554225261368,1.005307597348093,1.7093659703221045,0.7803811450144501,1.171082745137952,0.8571468120007855,1.7034629879505516,0.3932468982880507,1.062270190722663,1.8843389575075882,0.4999418610621173,0.8555796013546632,0.7196036990533066,0.5679276820338065
2.0,1.0009415689109908,1.1301840522995565,1.8567754510034933,0.24285623445270352,1.0796319328415738,1.1915369339615418,1.2304813899142335,,1.3791032999574502,0.597624005604835,1.1083391483425593,1.2594604600034485,1.3434566012242901,2.0453615391392543,1.1142561452998712,1.794267925319473,1.040102999582903,1.3367460593338025,0.7351551255651877,0.7962321710376253,0.6969643453327042,0.8844672724520225,0.42185274783736165,0.925827108141204
3.0,0.9720988241707379,0.9451297727097838,1.1141269899424064,1.0441565085063869,1.1378024849731847,1.1398980409833936,1.1626646482163283,0.5023398051120742,1.2188505229817421,1.5178454916274324,1.0267204837835286,0.9384661076273674,0.7533494105858511,1.0217368393014623,0.9421695137491001,1.1774942484146016,0.9620063785656198,0.9356261671576559,0.7954273025914828,1.310742419157342,1.2206127397194244,0.8864757178404763,0.9041061934310666,0.8838496036552507
5.0,0.9542255040935862,0.773574943034764,1.3615506758368683,0.37581863020176226,1.1063957313000552,0.7843726268451523,1.2048271061174107,1.7086441294974635,0.8585220856428342,0.7081936677805176,0.9480775582710055,1.1550682259492935,0.9243512574568044,1.16911042024765,0.7989870305348034,2.049755066133623,1.488169030271026,1.3384354715997304,0.7342048619774576,0.9835237190127158,1.0239561125003862,1.0268464827635595,0.8240669389675994,1.0091013157444602
6.0,1.3113154892130232,0.7586490065330201,1.5157015039763058,0.8293209588275499,1.3623584123875467,0.7989550486604201,1.1308079875842263,,1.002465366624961,0.8357350344813638,1.0934911751601353,1.1110567721970066,0.8539861653288395,0.9974940952811242,1.5253305493655769,0.8545362896896704,3.728902217977958,0.8244254587242639,0.6517022751869194,0.9676637156418124,0.6179486018261736,0.48536472901924665,1.1974021350423332,0.8256598303166168
7.0,0.9498027905991161,0.9079513514213989,1.3506117922217762,0.8355203744811198,1.1866040269489315,0.8083650595860951,1.4841049049822856,0.35731569730402274,1.2595298830589505,0.519556508628169,1.4522610281197026,0.9578997268516243,1.1202677673939703,0.9138517127028339,0.9204907737758348,5.270894738733954,1.0197499337344509,0.8635481125904478,0.8192351999469403,1.1606341851047994,1.2783838387047044,0.8280082195517329,0.6491876840815508,0.77647704069192
8.0,0.9935489749409316,0.8012922673515581,1.6017848786726099,0.3817294370970007,1.3005786731002862,1.14230512681222,1.4224055233619526,0.43071932996216417,1.4780782481845316,0.917661821065405,1.3134877202246225,1.5259364095400476,1.1908294078789037,1.159458508475355,1.0866348921693731,2.17641454064657,0.6315324175358059,1.5267926727417478,1.1394096977010286,1.0321198148213766,0.6136881625468662,0.8878422300457871,0.4771036167740378,0.8625192854323165
9.0,1.164402414163144,0.96814116087403,1.0445130221165726,1.3378470995249891,0.9060154334038738,1.2191657225801922,1.126691417908289,0.21219840632146234,1.2996263709457117,1.0447339861975857,1.2184245514244023,1.1737775510852575,0.7563242645442922,0.7464086814428013,1.2069800660618712,1.342164327015858,1.4995528668676632,1.4292514764783708,0.9327840784367663,1.0586605885401312,0.6088975378290545,0.9179044179139865,0.9118181367784068,1.2549749146557214
11.0,1.1372465554249405,0.969072695542644,0.9955957208027318,0.8391607028165298,0.7941991604179797,0.9780596513681616,1.1527906246879462,1.0811703833580963,1.0612110606340566,1.263743160634013,1.2382470372700485,1.2187453806003403,0.8495707496911992,0.4272401781367686,1.1531381325718466,0.8595349166536185,1.2553966157856942,1.0776899502537063,1.0024257417252727,1.3500146790317467,0.8453536274218025,0.973250855114096,0.8236468223513765,1.2418079000788056
13.0,0.9907219158350302,1.274327917741509,0.9174908345145188,0.7417195377865866,0.956842939376215,1.2301630280569757,0.9867759239075519,1.2425535737450728,1.3492163084089568,0.8989341232672752,1.2392442127341163,0.999830623251432,0.7188543352995219,0.6939353483055951,1.2541890539889573,0.7427446772060364,1.0630304052545991,1.622767997666954,0.8352560893062444,1.2015691724830329,0.9307087159156631,1.005891479421687,0.7151811986220662,0.9962808732887907
14.0,1.1486987824196355,1.371019175348538,1.043069586202585,0.15650767207895808,1.2148829301090067,1.1811465118903757,1.2030038265411536,0.9903473516116712,1.2549345426845293,1.2518353747568336,1.0433500483637224,1.0729751765299773,1.2158306415397044,0.8785723707989899,1.3160841022768515,0.7814324302974118,0.9859398660234912,1.851463609643893,0.9185060266490089,1.044607847559566,0.9894181335734843,0.7023296060019328,0.8943615559615249,1.081832603803379
15.0,1.3144275478925749,0.8651116518406904,1.320282223291105,0.7581586520099907,1.2835742607116778,1.1286229930126637,1.3611477243469177,0.985794909676583,0.6728314409676668,0.8045432683582059,1.2026742254134757,1.230344074399875,1.3946224965295237,0.9353166016631,0.965227714543697,0.8789048270326403,0.7314397837552938,1.1434074152188831,0.810181385897154,1.064893379141227,0.8995568410175305,0.8873968080256822,0.8824944649145531,1.0031339849552117
17.0,0.6222717560955418,0.6239184400891558,0.7144486837299944,52.3485141125543,0.8884474761472148,0.8925097235318732,1.0889097523039206,19.263672085918625,0.7548538825529414,0.9339875790744844,0.8052714185476659,0.793281018618332,0.9400478039229073,0.5479422018477598,0.8837243317297567,1.1919501911548231,0.7504956574333643,0.7391047261505913,0.5276408156268425,0.7208890783932606,0.27304135067601515,0.720158857252472,0.4117132627448002,0.9919630152849238
18.0,0.863905857905752,0.950117050154224,1.2706073226663503,6.7605799548823695,1.3829943010503252,1.4887457358118301,1.2076947199678205,0.511323372940584,1.3858481060825003,1.8293488795639428,0.9268334190844302,1.1872795541838705,1.0651899838445804,0.7280867057067745,1.0176317319945196,0.7408320117589651,0.3528409661690519,0.8110586834942871,0.4331423060453577,0.8483470450136532,0.6855214198557331,0.6758801018221672,1.5608065968720473,0.8993004443334569
22.0,1.456487715223753,1.10251237780365,1.3944227444152568,0.42396824656877147,1.5318005992394441,1.4922813005262254,1.6591803612074116,0.7904890895659857,1.7828766328943155,0.9196991914716434,1.843254123107817,1.3784363344697332,1.2987688241033946,1.169884473441447,1.437642506609333,0.9890225035364046,0.9450406533068397,0.417842987585394,0.3794476721990962,1.0218409428822968,0.2641132981058244,1.367909874035654,0.6707610165272233,1.0520931588935725
23.0,1.0377114156874911,1.4600053975395475,1.3599052246265542,0.16876486456453835,1.6636731130215106,1.203432603507587,1.1907143631088688,0.5117321207045283,1.3029765537375466,1.0444929476558684,0.8831111182760082,1.2231010307960506,1.7898228468800867,0.8362373461990412,1.2627357997282633,1.6361274239362955,1.3509419904653772,0.49122906664529736,0.7606762057583445,1.231913829657475,0.8200569924567306,0.4901104927029256,1.369407214459879,1.51522677474306
24.0,1.143598801088778,1.029852728532147,1.086458939871744,0.14668736345200656,1.8373214581019406,0.9270285569245599,1.0767053477695838,0.5522586520969999,1.0838698697909774,0.9180683794440985,1.0554151663672244,1.0124892554970093,1.6661349112328188,1.0123401521436282,1.1566665666895442,1.9985977921152611,1.1764075344831875,1.3411968410209112,1.0024496445071354,0.9376644216991267,1.6114521352872444,0.5844080879226392,0.7203030207754827,1.261194821018247
25.0,1.0258704285950466,1.1780640624363485,0.9513514905102696,0.36458386600308423,0.9962215191193591,1.3166627176242012,1.0158082296428015,1.0791074262258373,1.5895185078123413,1.1286542571678146,1.215309328153767,0.9704021776879842,1.0597945539861326,0.870413021003011,1.3093640225842205,1.1405468994243908,1.0680963016485987,1.6283029671032356,0.7187148985304666,0.9894358047749584,0.6444763167576787,0.7377944958202571,0.786038008241676,1.2314923840483967
26.0,0.921518336112049,1.1142080536452064,0.838706986289468,0.919755103423632,1.046657173308719,1.2517931594353624,0.9727720139594516,2.247217291357265,1.1469324255730815,0.8884060609080517,1.1482082624945342,0.8685417902969407,0.7903604721736706,0.6673818830988679,1.4865867988005645,1.1734046872881394,1.1175185965910306,1.08891370571933,0.6888303085366992,0.9265706971066698,0.7638595341904924,0.6904208051345564,1.0638877069874326,1.0819157706705758
27.0,1.2530556650186935,1.1225763556894641,1.1234670185380722,0.14234662654283736,1.2538179164187675,1.2277912809068425,1.281193415356944,0.9408390208045555,1.1142900274899636,0.7301064923650138,1.0879383560948772,1.1518650319202477,1.3580446104467558,0.8906270988864334,1.558003833436127,1.4625563658729155,1.294343741372663,1.1636832091321414,0.9722423509671093,0.8759162637229176,0.9116826185880146,0.683207193749237,0.8937613142665911,1.193978786508395
28.0,1.0372677482991761,1.1500644624961984,0.8274457858113932,0.49289743999527746,0.7698776986110202,1.3146514359939538,0.8430863943987722,1.4354010677810254,1.3845797546466478,1.2390148178554279,1.2261155265746877,1.033766781635529,0.7265092528067696,0.48849470497781233,1.603291705526845,1.467675452439994,1.3314201246905768,0.94961456402683,0.8178311298259686,1.0672576242233873,0.917409971026498,0.7943215689460009,0.893242379633936,1.2864608611106918
29.0,1.0168837377527196,1.119498074651188,0.5735993127665283,0.593818102151495,0.7097043153421501,1.4468130450617505,0.7776897397728689,1.1479118569078828,1.3877908154802059,1.3633156829673354,1.0834675847860393,0.7863594760786462,0.6896274814249358,0.3083264930221104,1.7987296483442528,1.6231456748861777,1.1063159156306726,1.1110256031041634,1.0775011606820175,1.1081775520901025,1.159390459970763,1.0707229837092427,1.1879749364509613,1.2989361061265612
31.0,1.1289747173410083,0.8169830964506367,1.1656289611097446,0.2103486134849448,1.5081261037058604,0.9454719582986658,1.4138793435333605,1.0228517223639844,1.099053272401942,0.9369350617491591,1.001813225008426,1.0737526566121491,1.262522486749594,0.779148444425483,0.9156979894762588,1.5320376479722586,1.406756601362125,0.9710742005039622,1.08563933778263,1.0250046015684107,1.904454055759143,0.7254102559272794,0.7339945679069267,0.9100417415808684
32.0,0.9956415975874946,0.6268079049319321,1.201317908328818,0.18456860477424344,1.3991358048787221,0.8616439942797223,1.2919456878462294,7.708108735227925,1.1216634336654514,0.7298837229439562,0.8669873460931342,1.1223280928906132,1.3318481229349928,0.9964915704665771,0.815922907122772,1.441249093498689,0.7476885332341606,0.9695963357463435,0.7868126251219922,0.8308410817498413,1.6007636604031932,0.7329744151901515,0.7044464677067566,1.2360514865340857
33.0,1.161968137724665,1.1441237371831174,1.3819659744149237,0.265818075208987,1.1637028678741264,1.2363828002781398,1.5106813484572281,0.7186939348697401,1.5364297348475497,0.9278716792585476,1.0446274055408784,1.060357241588801,1.1893490690132045,1.1852572464207443,1.2806781614960667,1.9580792268770093,0.6615486648408812,0.8840039959202548,0.9217952892736428,1.103209416146069,0.8856480940594452,0.5988250322344424,0.6436812267075168,1.156623740713359
34.0,0.9682921739036088,0.8807136724404434,1.0843214549883657,0.5325932117323481,0.9518377505097558,1.3476915949184125,1.0965487289949398,1.7189692754913133,1.3424561300970244,0.9415874063627442,1.0340207767423109,0.9084819978665076,0.8633819825860144,0.7822923578678549,1.2522552688619177,1.5252010047431774,0.9811476100958917,1.341458026481832,0.9499626106977321,0.9061507183680968,0.9591171329821367,0.6471955734160227,0.8001185704016391,0.9742656371919328
35.0,1.3794362562847593,1.0256566512412801,1.142804565932731,0.30889356062943446,1.2715380496989563,1.2755189478335947,1.2805320741602575,1.1575403161326725,1.5904189277987706,1.044677484984817,1.199986886960724,1.136537375277561,0.9139468792452743,1.0299025100512542,1.41297330385362,0.771444997280444,0.929622644517887,1.0472588624094825,0.7229728228457312,1.024093654198637,0.5468051935079056,0.7513983152320278,1.069687444754959,1.130786356753695
36.0,1.1060597928252731,0.8306272456247218,1.019312205553549,0.15055853254304863,1.456583880769578,1.1813779055859048,0.7647035541729827,1.3172020256204477,0.9493155829798776,0.665372514807698,0.7591208098265008,0.9443064848955768,1.3960372643846022,1.116309206872712,1.0209200718545604,6.736530273116741,1.2483364165713582,1.0053432216578264,0.9109945806443214,0.9376484917994503,1.6920961842167865,0.6797365553664529,0.9278464809139504,0.737021701722201
37.0,0.7670606848024845,1.0019014621401432,1.1526972562575493,0.4646437108109599,0.9942440234435698,0.7508092630219464,1.085687695853183,8.303883433922433,1.3481383243951315,0.6920939109938955,0.9115294211668229,0.853650730908294,1.3954852016916361,0.7699106803099843,0.6607215769732835,6.214196894195038,0.9207796720093083,1.3258116621953604,0.5574919332371582,0.6028201210678599,0.8254951087428247,0.5379293739195327,0.8556926704525117,0.7230365325760165
38.0,1.0358102971045182,0.853478529179835,1.4876454385553461,0.11294467077647372,1.028167788105977,1.2077522833389795,1.1911300439885053,5.032148109861969,0.9989691033127459,0.8001160177752801,1.0052787800037595,0.9178844386143941,1.017201970642026,0.6767750380018585,0.7559103102969034,1.1869041504521163,0.9906887705351761,2.4718294648073336,0.7842719845852619,1.5292352448091808,2.023633684137185,0.6852414974790448,0.5055879728311198,0.9643207709570899
41.0,1.1890392700051104,0.7300613561225684,1.0187657281786249,0.17207044026712812,1.2278437158831075,1.0370401320331715,1.3122584861850488,0.45033409615433145,1.2511444962297902,1.2631571087284266,1.0736172242034627,1.022548772668534,0.6646698567820886,0.7146145106116037,0.9479216294200388,2.2908866104495638,0.5692957329646297,2.0125452964632453,1.243463523714087,2.3667054952412347,2.3191133394429246,0.6913560608311479,0.6817050477080441,1.3241514669175403
44.0,1.2158874260537649,0.8229521233784872,0.8755736321331833,0.3690333295703965,0.763719752162835,0.9986800805906462,0.9571136593746189,0.7432585001432919,1.224519503446296,1.2258546149117744,1.160461662949447,1.1765917380269193,0.6826569408340124,0.6578250832702587,0.9364674464397923,0.961960442511058,1.9002119845349303,1.1108785902083098,1.4102584256967179,1.615839426233861,0.9103237358967317,1.2810518353631353,1.1129811776451113,1.1012094788755245
45.0,1.3719516378145804,0.9957636052968956,1.4561986893160568,5.036414383108201,1.0807069246857284,1.580162060904792,1.6460891591543334,0.13161388493660112,1.0929941382968675,0.8153963837338866,1.2721822292296867,1.0411482925168631,1.6005273784889118,1.2677752757020802,0.7045738866022863,1.9958393881848369,2.207353679357744,0.7148489551696793,1.6069310789361697,0.8852625188501247,0.07750261492454118,1.1577002254412914,0.5977873674217663,0.665238592518123
52.0,1.1397348713224988,1.082983355410478,1.575101735131609,0.8002011851257662,1.6696532266113646,1.021024752886471,1.7022469361369004,0.5682291486953259,1.4106030791118347,0.8842997828263581,1.539262147301491,1.4359843384779216,1.7252579718012722,1.2672417355225947,1.1413671162603103,0.8203218414458524,0.8732254206857004,0.3337860609541543,0.6345653752282854,0.9122964372151471,0.4629732596548729,1.048360804814924,0.7621277095345685,1.1065392624561587
53.0,0.9111515959868458,1.55776529220337,0.8031558964381028,4.024957236179346,0.6156243576192819,1.158108663621453,0.6214768117316044,0.04399090907597498,1.091375374633824,0.9179722710580022,1.562267560948985,1.1147712833170045,0.4380522560735957,1.1106801919036833,1.0488585345970924,1.5136346797863756,0.7339542140992511,1.818548914221953,1.2791518927107617,0.8451871703008002,2.3197803986903467,1.2075052809177338,1.4842509341300592,1.3828758572363111
60.0,0.9196001890834672,0.6640673925946659,0.5066783547370303,0.8481349426708222,0.46297309323251445,0.41780863431746373,1.022770125231537,,0.87755443397485,2.506805972448851,0.7403850466038195,0.8621323051544196,1.4892865993084412,1.2803224187110478,0.7867085550633948,0.34968412007781574,3.847598370187888,0.9344033905390003,1.1701413619042187,1.9733545482345132,4.108659122942258,1.351887979466247,0.5487632486154481,1.033411055792788
62.0,0.9184756292454411,1.0339194019304536,0.8547382904684703,1.102872403342063,0.7132882463229931,1.0900256150366854,0.8966482532087412,0.8587413051349033,1.1049303121579561,0.8797165573947008,1.4211151568134854,0.9673946003358012,0.534324152952444,0.8103933199537827,1.1517368973402629,0.847634193914737,1.3178274233568084,1.2594975201386673,1.036329746638768,0.9540320399120639,1.3217068083551005,1.2105118807833917,1.1862147839001707,1.060580720748303
65.0,1.1882393121707768,0.96606200749888,1.1708062713358838,0.3815261806180345,1.3136838949805905,1.2860179640502054,1.3660113379019068,0.391552951317091,1.0275133090091007,0.9776986785263367,1.1661209206496905,1.2341906847306805,0.9944795089548522,0.7245003518438178,1.30176471217062,0.46980174832307015,1.1804859917930173,1.4779818452737077,1.3282724728729616,1.2903532832928466,0.6381549771764529,0.8645213802892461,1.7841584665679073,1.1509011276957
68.0,0.8093223075919037,0.8382466306809816,0.8009859390724058,0.8145188846906761,0.7024647859773221,0.957208692263145,0.7124014147999903,21.926221227298882,1.09333492001033,0.8353649280015142,1.2840352754109594,0.895370897976511,0.6859942853468352,0.7459312019353402,1.0710954526526035,0.41206480885030905,1.118771708414819,1.0209164129175579,0.865394296296955,1.0635761384650535,2.370273299947046,0.6854056173618426,0.6606406793085379,0.8039200013099256
69.0,0.8939874564952371,1.0019571368221023,0.8029290044552716,1.3889150781447106,0.9165667900321889,0.8431167728024568,0.6745405700881493,,0.9351261895946542,1.449078458658425,0.8817035142056502,1.112714210015617,0.882928335837649,1.0572690243020808,0.7204696637090318,0.8729050077607704,0.8294642606502431,0.7105703301265017,1.2055986630509021,1.2284905710849094,1.672900102064555,1.398286643440376,1.3153386162736662,0.9161394320414031
82.0,0.7378291851669061,0.7633637380997051,0.8786151894152273,1.4148843824926463,0.7688191152343917,0.7612202753609971,1.0899980907368945,0.6517114393071223,0.9255607508208544,0.6587294786580821,0.9074118085948571,0.9699295251503202,0.6782321430907315,1.0821144331075097,0.8902845700175152,0.7275047546005845,1.3343365119419217,0.8122190576804722,0.9507212208088534,1.5373014194701538,2.643458745010314,1.0868417350727457,2.2890498690472723,1.2928842588068832
87.0,0.9489499268756457,0.5875263641505173,0.9979990282830727,22.100595162615598,0.6763270922851847,0.6816180969616509,0.7034039509810949,0.3941563900637413,0.5861633239947834,1.4180043590851497,0.6101218311776048,0.8800692435404837,0.5730390058003217,1.003877132653914,0.837764394505933,1.3232019330034468,1.7192560701210402,1.283152734446381,1.0132511314021275,1.0655999515338643,1.3760179033210445,0.9671945911421862,0.4007198334635779,1.7598376507499005
89.0,0.8774907982625533,0.48822399111425957,1.0237336301901556,2.9530275807337403,1.5856920176705882,0.685531644608471,1.0247192471738567,0.3250013082703483,0.5311380154728218,4.255096773297399,1.0629702035752824,1.1702133121863192,0.9452507956017383,0.8989269571742953,0.45329028098361457,1.8536999053736973,1.259890806695761,0.9044888947707561,1.301834498766536,1.6277508493119714,0.3831844176153252,1.3842364137862568,0.4450195477051,1.8641471634324556
90.0,1.3378682779159106,0.9366742470828298,1.293837452561954,0.4385595733474394,1.292296956232441,1.3788096635204223,1.3113166090718482,0.7756223687361863,1.0711900332477924,1.3738764251366935,0.7976237953192522,0.9026055880106044,1.0734253727365857,1.3508566966617763,0.9000798004567274,1.5661843156109183,0.7741690503864881,0.6420175157287172,0.8137364335250239,0.8588759867947088,0.6332541418728869,1.7071194295440273,0.5904062096401143,1.6160698238634572
92.0,0.9411283821723118,0.9787291496862079,0.9138872246682317,1.0688222403706584,0.9250927072610079,1.0089678344705275,1.0545216339911152,0.48267746392027006,0.9473222112724105,1.5203924214820774,1.0445232285468289,0.8617891449915931,0.7302356779312353,0.8702913057082607,0.8847286032537189,1.3078567227385096,1.3140551762179105,1.1737168219641076,1.103777908793536,0.982786495580595,1.6892368904130144,1.0282490352117302,0.8246814835094677,1.0238870135320925
97.0,0.9262408778199424,0.9095218451301142,1.4679762391455906,0.975835288397702,1.3171889362979403,0.8651982596289824,1.1116303365766254,1.1022251892800587,0.6054427416400494,1.5795363607085613,0.9823994532629985,1.052619097621987,1.0834043702314298,0.9248457846871512,1.0763232140633454,0.9554024810986037,0.36647598584083113,1.1165790026062563,0.8879721153171724,1.2580897543720126,1.8270823081429661,0.9881930726496595,0.5421440845608552,1.3015514239511308
99.0,1.0997313474772956,1.0238138362666134,1.092955977477676,0.7056505307250982,0.806068272876795,1.1579871246411713,0.798616990556195,0.42032491673962763,1.4764973224436533,0.9918627093055192,0.9614465527662085,1.0489603369496363,0.8655812787591792,1.5823440506309148,0.9714349795391807,1.0743741125049757,1.3943678118438112,1.6047991868685492,0.9224081824938922,0.5415116119211023,1.2376235661706405,1.1664164898277263,0.8248053065230211,1.3080721546979346
101.0,0.985216586759791,0.9050115645531188,1.0104808447590887,1.2478403391379775,1.0884904876006423,0.9289605190005967,1.1094762077095348,1.0391449514099198,0.5872917280730162,0.7944583397547558,1.3783186189865555,1.0229864725060798,1.070770537948763,0.9339045408223395,0.7230359111269334,1.4351646049887097,1.194843759361212,0.9074517858652862,1.0090150328265501,0.7024100469871447,2.114596613857114,0.7419621430730902,0.8808158119998399,1.052418826042684
102.0,1.145894525207661,0.4990822618563847,1.0770525374641287,0.46739012784993567,1.1158194753016195,0.7805894641984898,0.9261281874850114,0.595345398367293,0.6040498841587393,0.9757566216649265,0.8184151297179337,1.260668299793815,0.857605323659194,1.1754778665580856,0.6630951085375141,2.845124694615794,1.0962198491883748,1.6137865178182342,1.2266012761912244,1.4065181501185144,1.2969637720678784,1.1311019098919888,0.9234008145263404,1.512620185809
103.0,1.0296113254254269,1.293923195381191,0.9645119631498121,0.3335106235006857,0.9775913964225186,0.7960709840097916,1.1256414659394876,0.8400164583709052,1.1941030974729734,1.333689848906065,0.8543534894924076,1.1431714406658393,1.0910205755606106,0.9856629315866089,0.8231502753485934,1.3045918299106662,0.6722983916632579,1.1441162889049767,1.222150678808313,0.8966225236825321,1.3079816805280429,1.209140348524382,1.1490727111339567,1.1525255177598088
105.0,0.8245542152166635,0.8336197554255388,1.040533753910716,16.54687211185308,1.0747783676278713,0.8535635987005254,0.9556204734042497,0.3521711180303502,0.6067968827564446,1.2505987183275287,0.657762621920333,0.9901888095709293,0.8873523017968223,1.2315962118422916,0.5706896440908851,0.8384577672485607,1.885070763490339,1.5324306537323742,0.7969641043077492,0.5663682580664624,1.2567279933385525,0.9971101421168983,0.49826614529220264,1.3006505446071976
106.0,1.1610664840831453,1.1214166286059675,1.1462235877079925,0.2862005103170145,1.2246670675593576,1.2287762157323072,1.0134208693054745,0.3592925419362719,0.7758684847420931,1.2386114775280637,1.3949885933969208,0.8816040243679112,1.0273193962244223,1.1158574636679581,1.0268456603262326,0.8046881862204459,0.720869096837076,2.495755142138042,0.9447405680346153,1.3467956552520313,1.3303129038913746,1.3385540870573613,0.769747002762052,1.216416952567117
107.0,0.9158756350048598,1.63092061928546,0.7436571359372821,1.689458286764326,0.7140335005043532,1.3141077786602882,0.7867852607737084,0.6408414349116458,1.372284462886063,1.0526475293379298,1.303577077920642,0.9476731924563018,0.5580655147876968,0.6439784200572818,1.3257835959971946,0.8233115046990153,1.0846745755504275,1.4334311857165736,0.9928489159487586,1.298436562595759,0.8821350665694893,1.1857443231927363,0.6820606458979683,1.1251462352707569
109.0,1.0056400251895696,1.0944075733141139,1.4180812512007364,0.6381902324494407,1.0698694601042043,1.1196992554628473,1.1658641401065335,0.43376655259711094,1.1017128193721462,1.3145368327904325,0.8977079569532809,0.9650018950192439,1.8254675648647607,1.07808204704881,0.766868057288469,1.207360897961257,0.6247402993467635,1.0278629673340454,1.1578163146460618,0.963123684122878,0.8173762259139021,1.1795939260331925,0.9630335189546761,1.0903110495171529
110.0,0.9917731721834839,1.2249530193333293,1.0240491757871915,1.165780084134838,1.2409971655490968,0.9755567156918404,1.1543482430893885,0.308257618452598,0.7355641186183117,0.4468338569399237,0.9303435692081836,1.029555793896294,1.4687945255287314,1.0007328593988336,0.8606555484815115,1.2933205352426647,0.780103816321873,1.2791202334783034,1.43050321885985,0.9118166521547777,2.426133978540016,1.0653508443782493,1.1810562321018203,0.7820671467743786
111.0,0.9320706429801094,1.2336585472610315,0.8257853637270467,1.1868217183378533,0.9416659449698748,1.1310423611165017,0.8723127764718585,0.8412832184937343,1.082870743249551,1.002831247742025,1.0644342515194132,1.0922774875585064,0.6517280169368449,0.7298032909229444,1.0351550636625895,1.0521582434858807,1.0009205635006941,1.8946432957882757,1.0890694639431338,1.1781695805214716,1.0987167165684568,1.012328662966633,0.5915442694129791,1.084209931168765
113.0,1.061709673724254,0.8438145037077176,0.9726454659059115,1.1236084015766874,0.9786262444372581,0.893114497029094,1.0473726222475082,1.0035124533851794,0.37989418837630884,2.2065425119866973,0.6223809743613259,0.8914937032871668,0.9429474508615763,0.9758953589318717,0.8651859979299187,0.6562425354977808,0.8520612941085179,1.4163753564047608,1.116323483784073,1.374155460354975,2.1181719457926294,1.3054889663899796,0.6622316417126515,1.3495721316662157
114.0,0.994986272145204,1.2673304170143833,0.6949166291283566,0.8759440066869346,0.8778974417088936,1.316823326629924,0.7643149132903232,0.5890028809049135,0.8667449991088035,1.163740836471725,1.0379581918389948,0.8253739038782442,0.7314178021777843,0.9660231763795287,1.193524624704488,0.8818158320769656,1.251577398480927,1.8325658404053204,1.1541180023598803,1.2206390234893247,0.7585007543490103,1.472620592071625,0.6984154458034308,1.5454925241507593
115.0,0.9239322211090074,0.8513262157992015,0.9121948366007874,2.6003686544369624,1.239436964346918,0.8159999932275351,0.944586320799056,0.8934119063933832,0.32230803949982983,1.1839176729714163,0.5457438147156057,1.0167430386486436,0.9906212661192958,0.8166505918462654,0.9008932629306177,1.4007087717697708,0.38033712354577853,2.4543490059270576,1.2252128514029572,1.03861151964978,1.496666982097503,1.1385394839785383,0.8411070892520693,1.7064017588872218
116.0,1.086204939766126,1.0370656361822783,0.8652361420825588,0.5732360179545779,0.5877019960614654,1.0345440876794205,0.8202341692763386,0.5296938149190832,1.0719552801056633,1.450503583942256,1.5309267808964087,0.7360762167335821,1.6234841601005447,1.5652912727042432,1.2505371218427903,0.1835359316760225,2.7736738320244654,0.6234419226467952,1.0396584051963265,0.7677214993520725,2.7037496261408447,1.3243738713812077,1.9062039725257809,0.70375117593149
117.0,1.1292766461024863,1.0227582393018138,1.241775951530803,0.6818389579227966,1.4238166027079948,1.0139104162600907,1.0216915653991476,0.5679176820536544,0.5491981302288583,1.9628648588977198,0.6566908691962233,1.0361124382329234,1.1122842353131905,1.4297944923622274,0.8906132589115391,0.7949841296490626,0.7767195220469448,1.4382666304492886,1.220534828871324,1.4485214162081483,0.7834336220399921,0.8140020621624294,0.681541361574149,1.7219470400695578
118.0,0.9661812779975258,1.0669328105617981,1.3521837181115433,0.6546392530947932,1.1452861938885663,1.5793924953788558,1.4422620165439723,0.5639136820350831,0.9354595001867198,1.4889862354604162,0.919415871254054,0.8852305006088039,1.4017879970946336,1.2047645071044588,0.8440628063066319,1.0220290215370869,0.558506696634122,2.690119435514949,0.7499349255332568,1.240529492191815,1.024194282648101,0.508635004146969,0.47516973915226296,1.3035603850253132
119.0,0.8442076646800909,1.281893038609315,1.5285538559563625,3.969743128540539,1.0770480966825255,1.0013844018023803,1.5294034836203314,0.3917671782273727,1.0897215691009996,0.9378985905357681,1.0001386911856411,1.0676860124145637,1.890265241346648,1.6183433860203726,0.6745387118308354,0.8185407228750964,0.3865601118117221,2.810715304552415,0.812591213197653,0.6901793845534429,0.6972244640914254,0.3726551476679432,0.5847088237900381,1.380913665830745
121.0,1.2479122651873127,0.9635366209098458,1.4092482969328672,1.740835852821995,0.9095861604655734,1.094892513780126,1.246725940865105,0.44344639896328114,0.6579778762289638,0.946369161897157,0.8362092687358893,0.9309140244615461,1.2295142038058575,1.2241951557247102,0.8924377588657887,2.2882583756338826,0.6595299801399722,1.5691350859973137,1.3107321204334905,0.835231901952624,0.4522626293111787,0.9623526929135048,0.8570338179017336,0.9778505303358276
122.0,0.9420717842627448,1.2370865803517115,1.010082038799748,1.1917222621270538,0.9682532156679411,1.162139331238039,0.9350687577518445,0.5636102540806649,1.1331271518627108,1.0051000915951316,1.2833380300635617,0.9678910873165408,0.9743400446812265,0.9897446305386554,0.9968616086119312,0.6523379766946715,0.7331254899839637,1.1733036924408415,0.9788973962373824,1.2244158245772647,0.9638077649224132,0.8907384496722854,1.2138562363618535,1.2611162878772983
123.0,0.9868746966721239,1.5198912880486815,0.8479473573765508,0.6864816318184253,0.7739346316541461,1.5003986194461596,0.9739753089977746,1.3179205968030616,1.419132957677337,1.16441211620673,1.2981957000356754,1.0702464384424832,0.5189318744953755,0.5972502155828219,1.5215220785867534,0.4945461705967579,0.8536995162622387,1.5418650860323198,0.9068035551522532,1.1070172495261739,0.9534527744011213,1.136692773281884,0.8737569824872313,1.1468907176888181
127.0,0.9920001552527262,1.3864604043450282,1.1536557082166579,0.5798509502933229,1.1661248083961901,1.159699220941122,1.2934920678933155,0.618316288878306,1.2458080160403338,1.8290320439358938,1.1263740568831828,0.9915134515735211,1.6654886929401957,1.2618774233427157,0.7713196092874213,0.7487240388309306,0.47983208758635315,1.2519013855140053,0.8697351969840748,1.0956420037515369,1.5109260223181618,0.5003427540697923,0.7087126781192085,1.0608610426048541
136.0,0.688441907822013,0.7285334123726426,0.7856259610696066,7.986758168929162,0.6841443824395153,0.7581075699257235,0.6153910823475908,,0.789201984894492,0.9703059149859855,0.7995534633574951,0.8183735245802433,1.0543897308899863,0.9765222148013183,0.905133392629342,1.1151123212048546,1.2686981581882506,1.5833785549912127,1.0866221768142776,0.8414131559507737,1.375206587869419,0.8095221681006239,1.1190174168097704,0.8355879665806575
138.0,1.0145769146697963,0.7525601875559186,1.113655878901789,1.259300366624922,1.4092311491167981,0.9552586661038656,1.1414107418938855,4.422328524487949,0.8705391278629785,0.8279549261542203,0.9862138084732989,1.108266981711498,1.1707442767196774,1.3277905856376682,0.8042099871971401,0.6748738742757878,1.1195589013311504,0.9297410002132662,1.161968088282863,0.9340994399437613,0.6026150564650429,0.7522397973009914,0.37628000513455023,1.0729992616470996
139.0,0.9143833290434145,0.966878771524038,0.9662005743260438,1.19207703781078,1.1348385514853052,1.1019525185319339,1.4792568418554801,1.6909533570602622,1.2854810187902366,0.7897488637919312,0.8742462051164327,0.814495141448713,1.7264493001298973,1.205179490075451,0.9293150629117718,0.9891289989029455,0.7217303929240039,1.7465168953574135,0.9335703109186132,1.1004498246568764,0.7567698422677024,0.7654323675497477,0.3477697828998198,0.8704221467177706
141.0,0.9993297063619613,0.8765770446976583,0.8059236634211343,0.9531933461265593,0.7921832249675624,1.0782884558453356,0.7806360591686902,0.8533642640858724,1.049675390176249,1.058368871887818,1.1895705538253938,0.9761054341644879,0.6102964867933871,0.8632281368582929,1.1901526385281316,0.85150918448821,1.0583145581132063,0.8599269547890497,1.3586152040294888,1.2466080155157455,1.2479954044798456,1.1482266495822326,1.380331634433741,1.2437076520650736
143.0,1.184325986314903,0.7056224998165703,1.7558955016795128,0.5708897242031149,1.461982307724273,0.7516451038635196,1.2061386289605678,0.6070791305614593,0.9150522421276485,0.976625471995054,1.3216899078958368,1.8370560508930747,1.5115855897421102,1.854038887541468,0.6592725376335203,1.0299324946633308,1.6194596357364177,0.8896857255541226,1.2991570031791184,1.1002008360528557,0.2947083907704704,0.6622652843713546,0.521454550322724,1.7142548629422165
144.0,1.1348356361368965,1.0775394121044846,0.88068415207448,0.2712043989366555,1.1458914513789786,1.0320554273004499,1.0297570771086828,0.8270928554316035,1.0485015640393527,1.0757742638157888,0.8730422350689212,1.1391363328994866,0.905792706631143,1.4075801296268933,1.115031710317764,0.4761496131641004,2.572841546435716,1.0952821486475894,1.5079244380998813,0.89351703570749,1.4157754241840865,1.0412411920419817,0.8861208285515639,0.9025837094067478
145.0,0.9995881252148837,0.7956958416251201,1.1139399922587165,1.613566012292571,0.8513349277086572,0.9412889893273397,1.1015666226903653,0.2901992939793059,0.7688235533691551,0.9034552759928369,0.7441886864943277,1.0802672667827007,1.0591125464097382,1.2753360575322195,0.6446029897204376,1.0162155800461588,1.076288359741854,1.302377646816579,0.9703083313851459,1.1342169286705777,1.8003983000737644,0.9440077208263261,1.9273278655408927,1.093676806546038
147.0,0.8807765452806989,0.7108139566366385,0.7980018836501123,1.0698775762296358,0.6330553382183245,1.0361365071172122,0.8013569081091517,,1.0759324156526904,0.8312722097539224,1.0794123785003986,0.8281529707431136,0.6409986508892441,0.746879903546302,1.1500080575160536,0.6176909808825712,1.0674785310322996,1.7186635722271026,1.4288013635492252,0.8286481803836137,2.9301699728229926,1.2823350358221461,1.977396079930578,0.8110906230771348
151.0,0.9293717846769017,0.8616634945283849,1.0824058190383812,1.3520597421076057,0.9863154168766933,0.6731272759235455,1.0446556385792722,2.0835682297826525,0.7109827779558082,1.0955893856281294,0.8809002698963269,0.9099591939945967,0.6667519018543557,0.629710527714261,0.9710724645701119,1.034869573842991,1.3410200474138756,0.5836274273311509,1.0383123889016332,1.2945833774117326,1.4800633524851123,0.9245315138127664,1.6097077295907805,0.9672011854440068
152.0,1.0056386367379022,0.5344251455326563,0.9403771139770856,0.8540560317179554,0.891573259370296,0.5797509759986654,0.6990977013989484,0.7428912951740398,0.8552135925288232,1.416962911337524,1.397109733644594,0.6537568317258586,1.165115791968978,1.2913449556431078,1.180888152708555,2.503204418370863,0.7735132834068085,0.7391750687561505,1.0980906024174963,0.8573916021057363,1.449442201584649,1.1433251485515432,2.033926598580357,0.9662430535926176
153.0,1.3755883510305082,0.7734318349231452,1.2381308543388465,0.6696359509118566,1.1941536438674358,1.059837825732409,1.2152948904915917,,0.6700375026756994,0.8922940681330099,0.9993149121069252,1.1397615636622382,1.8335852146051652,1.4454966596903225,1.1336677750878985,0.2663211285783499,1.3631268527451954,0.6191684077906382,1.981760742947765,0.8502776833000726,0.9726464344093219,1.4013174030669977,0.8732208672280919,0.7990925311181797
156.0,0.9187683511272152,0.9934211741455845,0.8031316562506216,1.0218105342936874,0.6486269003927411,1.0256617130066867,0.8243695081259785,5.2404565200295545,1.4486248732913687,0.8358896529793688,0.9576141086025489,1.023179628080168,0.5668428131063694,0.8163694588117969,1.1587237483857067,0.5601185593622515,1.2287111651672233,1.0708939402921236,0.982251755623648,1.3355414643514454,0.6382408182681447,1.150232233774438,1.002855716128545,1.0258212868608612
157.0,0.8930285236513381,0.4916312106841425,1.2412110925772535,1.4332765134690713,0.8051806391019614,0.6748028032184373,1.0277709851789425,1.446343954250748,0.9883361372444608,0.7447975036198999,1.0202973271160787,1.233907398933626,0.7934794557985405,1.071732739979205,0.7680593627577483,1.2930893318752783,3.5729588986573195,0.6239463771767736,1.3864634552233854,1.141512053789034,0.9536377368271958,1.5125561500079385,0.49242028972381563,0.8081438198391894
159.0,1.0063713104321201,0.7696881107909596,1.0677804286944614,1.7677978257807119,0.8725136441877588,1.1110501366315872,1.3733580411920505,,1.3973281062888012,0.9417803257016552,1.6139882791391738,0.5118305873152084,1.084189953584917,0.767846761089546,1.3084315191350546,0.7786801520560298,3.3911607162804613,0.2934023667848825,0.8711687936946692,0.8681255822884157,2.366633305926865,0.8574913848339367,0.7033268324673665,0.5187323478725316
161.0,0.9280036649033145,0.9994899848257998,1.0257823965383017,0.5256953068432778,0.8541147463330496,1.230094859122477,1.184743133628304,1.3895590220348242,1.0788186399139508,1.4158588278831,1.2188844287113874,0.8353686984190115,0.8202164857940714,1.566744716603966,0.7470090113191395,0.9325572901428453,2.0529369351965876,0.11841785317668281,0.8179923186447822,0.9308760608425839,3.9160211662410815,0.8258257919729577,1.201671144848653,1.1540810138580344
164.0,1.126236342389104,1.6090378770424665,0.965783054440719,0.19286504483714068,0.8453685111988006,1.1426129420753453,0.9789460169342987,0.45337886627663804,1.7867576605350106,1.1897018185200896,1.2755323465443882,1.0973330405616015,1.0479185231014725,0.7708791414676794,1.3117459659379302,0.8625631696898096,1.1751497755106153,1.0645830071722724,1.285527550131194,1.1305380847320285,0.6904687037796089,1.3278687006490777,1.1842289334616465,1.2871926822355753
167.0,1.0904950865146668,0.9130613628155082,0.8531744936832932,1.0154696286401377,0.568941482986024,1.2137117322118207,0.68070346325071,1.9417681821593715,1.6519301259689352,0.8958366038477305,1.5043033531382848,1.1281291622258252,1.066761284755962,0.9298064332268121,1.348722570551716,0.9442872607611787,1.0469272296501584,0.7198051969545306,0.7645737618703695,0.9932614424901087,0.6366315797818479,0.9747645363797772,0.8818583809005197,1.278293461865685
168.0,1.2046171093393532,0.7421833705140997,1.1400318249179497,0.2429799983343467,1.0340830170436281,1.0016922487388773,0.8123356654486389,0.23232356954257158,1.7355007760138916,1.3903570897113144,1.0190419387189917,1.1804803640839088,1.0491309099969623,1.1181338477954488,1.0748683014219569,1.5120003482848343,2.0995066074875597,0.837856590335066,1.4453382238175856,0.9254938428011844,1.2989134422859678,0.7203952314987297,1.6676855490707094,1.0164966707479526
169.0,1.0668878618380429,0.7507311909787874,1.1964869440191659,0.4207043149310662,1.3707018444256946,0.9456397293278135,1.0226854077574867,17.74034404777497,1.6126088877214613,0.8715761402022071,0.9547914248899749,1.1829805319059248,0.8824728871415116,1.0297656611526684,0.8916967532974559,0.7866066977752874,1.0439361536839622,0.6450167232030921,1.1071204459781596,0.6670453982064973,0.5579478581654239,0.481915653135769,0.7518038941763358,1.036906374482144
170.0,0.8625164640837584,0.8435934224810335,0.9637015745493179,1.8708891685079883,0.8574094866458962,0.919930853678666,1.0522984760747753,2.3171859822612255,1.0293459474557811,0.8766990921813816,0.9147212033745562,1.0249480481630033,1.056286357163234,1.0111335502007235,0.903471032196424,0.9165060470482919,0.9448797629952069,0.7607305252151386,1.1372788298187666,0.9048171372400279,1.0686314467584193,0.8461117007040784,0.9581725756124874,0.8265871787398453
173.0,0.9503151343386284,0.6531443284663546,1.399081507368129,0.8933419435921576,1.5821236324635122,0.8453889242335911,1.640436581441339,0.2582978646607697,0.5758461072306348,1.3189936521835421,0.5615551114592502,1.1815200894546216,2.7980572336487053,1.2589421203258255,0.7731032037025509,2.979319569304667,1.0287387509542285,1.0222556837858838,1.7533712959646441,0.7371973150439711,0.9140207880298863,0.6647946933537242,0.809551854460198,0.8319076244445586
174.0,0.9566138316655155,1.0151089571146108,1.0642014897698924,1.224525301215133,0.9679454930240313,0.9468884933339495,1.0919018071643454,1.8220330218751237,0.8646504393101829,1.0564162311221055,0.887128498945584,1.1175326614024867,1.0093466275205811,1.2862236856103333,1.0196725110130445,1.2943515895072484,0.6372453783776234,0.8133442158663716,0.9507978502180721,0.8481806189991467,0.8228773554051668,0.6393908718303504,1.2645120943410206,1.0043732705513009
175.0,0.986411349325474,1.0751616009139013,0.9415730978650767,1.6403698114745242,0.7935491106018381,0.901355614054565,0.8555854164359216,4.810588073390837,1.08387318728414,1.319160610672557,0.9733865461806733,0.8921864879457553,0.8384206185161229,0.9826955354811759,1.1558833605184866,0.34456202554485066,0.9598953913045188,0.7599041006790431,0.8500075046203502,1.1117201408687596,1.0994890800116535,0.7547919020539543,1.410374091406076,0.6308236628348335
176.0,1.0960394618016531,0.657757237605646,0.6230159717752245,3.347820405724939,1.457183490131365,0.858405155932825,0.47400268681170177,1.022117132503399,0.602012087677349,0.5794293810370259,1.0521601155900921,0.8576857323834738,2.5404154001820207,1.4428046025669605,0.5922198549528747,0.7851069196154127,1.0027927086548354,2.196874159981927,0.8674428046556247,1.0285176871789028,1.6187917210088147,0.6196777998282165,1.0250174553595535,1.01218968080703
179.0,0.9684297134923001,0.9847951896083329,0.773171699919433,1.2798995322383087,0.7591602528265227,1.0509486109970565,0.7723951293217152,1.1048663045804419,1.2323264013677435,0.9228945008540042,1.2422202208425583,0.988538997872928,0.7031568135220971,0.9482040069793761,1.3649432162476693,0.6910176017868684,0.840202869311063,0.8951450544134693,1.358644810431825,1.158582205458526,0.8932800464649807,1.0919569281630712,1.3124313215648207,1.1691277603375245
180.0,0.9713257708428663,0.9325678563835142,0.7077394691083884,0.9557552072958856,0.6099981863689596,1.1396044650399577,0.6631823813285669,2.230658237988995,1.3037604147401427,1.0343261295280015,1.1097859708983677,1.1064804981096061,0.7572701727573579,0.7802357848797373,1.2099485794171239,0.8827624935659723,1.2169294099790413,0.9475766858510049,1.307122592771917,1.080192315003563,0.7759563111348728,0.8670684614679035,1.1848223169935983,1.1700893532829497
181.0,0.9406492056499807,0.8179260193729219,1.1751976755081166,1.635710272672458,1.165362973271565,0.8741358606650085,1.1139629134819462,1.1295919692670306,0.9927463014400593,1.0351171270488975,1.0347565040157425,1.0410979924592145,0.9293854228014863,1.2095824620194948,0.9222792028248837,0.5231583175983243,0.6714082054134115,0.7958804745026988,1.2001427251455536,1.1500747607391582,1.3868002729905569,0.8198109039357406,1.0830777471943995,0.9672602870630549
183.0,0.9705896562022956,0.7522997981950932,1.1175041554493974,0.7615756020847646,1.2293442796962286,0.9539178772130997,0.9289811550859501,1.0811623194904942,0.9176846932707126,0.9208366766617464,0.9521375735308857,1.1520315332710158,1.0778663930620709,1.1397585999708062,0.777135463557129,1.0439209055369651,0.7449252930388993,0.8451086789692004,1.3468779471077001,1.009084434365125,1.4257586190913054,0.9303735310470499,1.3412019400085333,0.9715564817198299
187.0,0.9662093261901222,1.2830421750889067,0.6579463356967273,0.9202494540322844,0.4954387691963358,1.1251327223294907,0.5404327070222279,1.2990283423000046,1.2603196294795591,1.0199129753740659,1.0544031837076475,1.0496157625270934,0.8094509123062561,1.024147654982435,1.3638468313889491,0.761973298944647,1.0771181653357782,1.182841502123088,1.1529404767692775,1.1830250606790125,1.3247087001196811,0.9283270774928226,1.1735236953020216,1.1076294321458178
190.0,1.164857379645021,1.3645168906752612,0.8943031522620349,1.3605312016342497,0.6188022794511592,1.7812993666592245,0.8406113740470851,0.08867344240609748,1.9349190840572146,1.478268807467906,1.4981734055345963,1.1896975018416562,0.9534169862310591,1.3362448079825806,1.6609909255456563,0.6781882103833752,1.208453573260385,0.6235984911154846,0.7666026702362305,1.0379205093971828,1.0365360090263325,0.9350828910666962,1.368957562568553,1.081140680169712
191.0,1.044582046213722,0.9920660610361822,0.9890369769778158,1.0941114026336274,0.9185517216082786,1.0923504757914617,0.9541604896504589,,1.1467471448456275,0.897750545418962,1.1849130820709743,1.0997408967680184,0.9162516923991753,1.084215212098474,1.176659745985681,0.8320593802595901,0.6740647926017888,0.6824473204074336,1.0169924708167644,1.0850502649549802,1.4006188452181503,0.8178732537634209,1.5551625227744483,0.7894050252566865
192.0,1.1865837880858834,1.0207289338686576,0.9894450523915084,0.6950822730426293,0.7795602792114225,1.3487777384944906,1.40032110735321,0.863598273004298,1.4092981224897823,0.7927351155166024,1.3100601332559672,1.3170954213903063,1.4412403307250785,1.1282617087789562,1.1288703231447839,1.021081346881507,0.5733854378149006,1.4357963072985054,0.8114471490452195,0.7342756351372731,0.28085253148486394,1.0226721479284582,2.0345983283856026,0.9115728489320526
195.0,1.1916462856503562,0.844860978791597,1.5194378404279005,0.8226022702988685,1.7260934930111054,0.8815078128102048,1.2480556810799017,1.2958465452602639,0.7512970985430837,0.5414579903027468,1.4274391246676519,1.1313675273572237,1.5670974074980437,1.4614085824293954,1.0886714119833902,2.4065717096160193,1.0440340061377236,0.8960792083258161,1.3202020135878434,0.5874670759747936,0.8577202828862371,0.3934243723279843,0.5039202261779657,0.6639903536328583
196.0,0.8029858061454066,1.275974783193544,1.0744875087030434,1.842169098972803,1.0773778297873182,0.8958991593757922,0.9769822640101862,,0.7260977979339893,1.262342872163439,0.8747187245419157,1.1030635168982281,0.7811589256791706,0.8309988903650579,0.746797573838084,1.9143065170439668,0.6317461102405127,1.0102155276822729,0.9246880825052343,1.2729700345011163,0.6597824056935319,0.821600018227757,2.147144147638404,0.7286471791832774
197.0,0.9214481210185743,1.656009909310981,1.1095054875396104,0.21271295814340932,1.2151070844000396,0.8724606031702865,1.1931096934807948,,1.0019576109607815,0.6431920169150868,1.1256082022108864,1.0008820490567483,1.4720018182510972,1.3065896460732804,0.7996958330730912,1.110166582259529,1.090852986456874,1.5284634838970732,1.0077314797503143,0.9372585356924249,1.1982158254547377,1.4825542851182925,0.9698685390997097,0.6526754705913423
199.0,1.4250303464289944,1.1207105069011747,1.6051374481338376,0.1734216644113657,1.1154348872710271,1.0851545289242834,1.3260047667496409,0.8158039769792568,1.075661149159854,0.6776724657800357,1.1542080101965442,1.2671650339876654,1.3835978078809799,1.3791536329519145,1.2170919941544833,0.6325182685261083,0.6132677834673461,1.5797493728757344,1.0240612991606266,0.997217584625097,0.4487246835037006,1.3475930419569973,1.4940113829015054,1.22721801404638
200.0,0.9237315537139489,0.9844079240442918,0.9195326970033595,1.3523320973667003,0.9221278555525431,1.0759030398628375,0.8500607640321013,1.4077669870602567,1.085019658598203,1.031605112778031,1.1673128572259714,0.9655265964480085,0.760911482521029,0.7742957821695237,1.3467950839193255,0.6981774758857628,0.7899248442497472,0.7507361749071518,1.1714169228231117,1.2907056054240584,1.4095622784634425,0.9259466842797714,0.9739865748907697,0.9350558381466514
201.0,0.7851090317273404,1.3671437740773038,0.8114282638670556,1.2524420546018655,0.8871755007615358,1.3752821096045924,0.7410923415040968,1.8512744664915377,1.2276211044507437,0.9856998533902737,1.3836123231751523,0.8013443429899221,0.865179215844046,0.7385733444220578,1.6918497021305159,0.6557299366872696,0.7994565401644819,0.8548304091500807,0.9553646880244682,1.0806046485425487,1.5096493886784677,0.9049782141356257,0.590125986378329,1.0122893386546385
202.0,1.0450809846158162,0.9379067694914086,1.1540777674602736,0.44960017482992354,1.6460846836987402,1.0394905912417065,0.9793385214306667,0.3094592579718337,1.0266097297537662,1.3764268090148302,1.3025193955893137,1.090293413989418,1.7493861935194996,1.1749009999842106,1.2004776330248037,0.353312913624885,0.896299468026278,0.6174406426974591,1.0436371457072557,1.821063519789922,1.9831862628471664,0.7998056571306796,1.2968511720032034,1.0017793012737115
206.0,0.8074421157401284,1.2570111700585282,0.7804254675092274,2.9331145025185528,0.7063091116136769,1.0372578604756524,0.7672019893041929,0.2549935526841063,1.0716390408564886,1.428279735464189,1.140112685172146,0.9373716442771899,0.7204485722017706,0.8668348240837405,1.1973181175658563,0.6140512912223328,1.1433955466616834,1.1584573749781897,1.0461936659380877,1.3620592995453773,1.1476407254382621,1.1770285381901413,1.4363545985610928,1.0918283099952888
210.0,1.0138080560374716,0.6075956748660947,1.4014473384169202,1.9051608845223404,1.398887350416956,0.9563974577849463,1.473440127409455,0.4925463904745362,0.7950825453529387,0.8470674396871536,0.7274257080491202,1.0027080590375808,2.0083992961578434,1.3190725149793876,0.6979016377695542,1.2709202522960432,0.5066089719950507,0.9705173453243554,1.3841874999290096,0.569951318724198,1.4276316028583966,0.8646599024882315,1.831041797591105,0.6187670167197974
213.0,0.9381771053567851,0.8762892299442676,0.6703580124930053,3.652101405823268,1.1618578916168811,1.1026586514280299,1.1441656112648768,1.0325997969858463,1.4458790247579503,0.683308155345568,1.173837695374613,0.7946419442048649,1.6451853390126947,1.1455687072774456,0.6973560865162953,0.29192553196597887,1.289660013705189,0.24390326317050998,1.914751638529189,0.6613749970401583,2.0705401638085847,1.1849748784848626,1.592799242673558,0.5963557041131184
214.0,0.9604305543992736,0.9172741859026349,1.1689616718343636,3.1245422437033485,1.297456234333881,0.8587627960632865,1.5142117581829964,0.5444333693942822,0.8577163824423695,1.0701579700441706,0.756887679781321,1.0966739043081237,1.1736183879766493,1.3932990383790382,0.9490369890710829,1.194060650517922,0.4577292077993059,1.0658736053784157,1.37873018605851,0.8083826844980243,0.5615551724160904,0.6853260925064827,1.202010247839192,0.9527108253485602
215.0,1.0327588600090196,0.7835412162014667,1.031114083168007,8.039586657107261,1.1217270544597686,0.8912979666975659,1.10499134758146,0.6887303083372711,0.6261281001099455,1.3507758252846649,0.5455972965015925,1.0779690488991314,1.4796787051024205,1.2861274495448138,0.5599398910397265,1.448107109523074,0.6568523987613767,0.42207845984245745,1.3671159967848785,0.9255860184511916,1.5475539839845036,0.9725288696592411,0.5411816660404744,0.8932799494769688
216.0,0.9440002386432516,0.9336380798151825,0.8573293943308171,2.6174300329759363,0.8832963859064401,0.9922508455608662,0.8642461254163699,0.8413297287567869,0.9053066630536162,1.2940467739471673,1.1321668304451353,0.8655363290298655,0.7430185849969309,0.9131162815164311,0.9531520091617457,0.8839739559703792,0.7222601481286991,1.0510287834928937,1.1145797186556252,0.9342594410755487,1.1577535350431913,1.2425981664946164,1.032959031002862,1.0292225687060865
217.0,0.8349722363705682,1.2995539603171977,1.3757127463860535,2.3502541601290736,1.3640008520170472,0.9210522131096203,0.7504410418747154,30.16464004493541,0.7690710236858396,1.3655092594179834,0.6829119723128234,0.9131383388565726,0.9671416024632531,1.0718576304836889,0.6397609947375722,0.9799722032429742,0.4104562375575992,0.918147786101273,0.7214315218500895,0.5704359298915842,0.5619827140168284,0.704160355881631,0.5743004437000198,0.6680996359472338
218.0,0.8542099325503585,1.31161975122615,0.7977131664331413,2.1082401850114465,0.6821142129004634,1.0642138475587264,0.7536831588495412,1.3625037476569526,1.256836268016277,1.0671706976255158,1.3358748870593486,0.8511502538994873,0.63980793829622,0.8729710407833923,1.2430504058045824,0.6389995858129823,0.8642950879554251,0.7705821730358515,1.069302415815635,1.1363857175518965,1.5351430684384877,0.7955669012776633,1.1030687533926093,0.9651375481206147
224.0,0.9802691652923475,1.053930380767935,0.8050218690530051,1.663230682349444,0.8573439816078563,0.9825491247799576,0.8033271065760548,1.004405953102485,1.1875845875389086,1.1572700021918514,1.0018565795765684,0.8518596992423624,0.6626308854754067,1.0687496152841425,1.1033081595600225,0.6947724565855832,0.9190942625378073,1.012167089917216,1.1043861207204622,1.1482603082933625,0.9581372817129087,1.0257725200077543,1.3866247636076448,1.0389633664107496
225.0,1.0639554617243159,0.9284972828234627,1.0585896737249845,0.7671293584252876,1.0554351232812407,0.8941169786767905,1.1262035827152586,0.6294492429350583,0.9747349518669735,0.8308085391341494,0.8114941651329776,1.3187543578587855,0.7929297847585285,1.088449156837435,0.9828127245675177,1.2569776042177152,1.2498005342767886,0.8115124514373595,1.3816667785771881,0.8598643507587079,1.519647963224958,0.941371065654372,1.3979065705795992,0.8368873942747374
228.0,0.7685032827031477,0.5707021920257555,1.0434213950245994,2.6320483916978246,1.2901835543096556,0.6448971114822525,1.0227401043588455,0.32259977584173627,0.6874669689587378,0.7815131002144257,0.6460576459665798,1.218726364162863,0.8970448189276542,1.2321858404162451,0.7340406819304428,5.3112052660323625,0.5659121108240799,1.6488779891649803,1.3019786151359025,0.9705666277517703,0.7187214018068189,1.263180860050936,2.020923211767586,0.7668458232396991
229.0,0.8906839428843235,0.6846063115270341,1.0653893742922258,0.49156282374141147,0.7682700811819535,0.9253927817992381,0.8675808215332115,1.6752213244249374,0.9592019127545568,0.7115716411251901,0.7442798817367154,1.1702394112679007,1.143226934894988,1.0390906288355577,0.8707550782500099,0.90847119846545,1.3765911243520246,1.2555553019669514,1.5016798380461083,0.7360005776238793,1.085398632064374,1.0821528638409492,2.124699026250316,1.1379458111861693
230.0,1.0921698503026482,0.4484480316128176,1.0581308173366786,0.7874560267416916,0.7992878871661598,0.9759012373191941,1.3050681543446092,0.30038544031279607,0.9360204607926422,0.6291886020474975,0.7844342166600677,1.58260425228443,1.7362587006840675,1.7201953384956714,0.8482455593520642,2.997961957420274,2.1488355129158556,0.7704669699462998,1.4565702698308762,0.6556283642228412,1.0529106511305721,0.8052178087919671,0.9574621089679286,1.124353895957754
231.0,1.0626385474505653,0.9229454604556514,0.8107837116001665,1.0575640926634633,0.6249457496917658,1.1558471922992137,0.7038386829630408,1.4317450032557102,1.5423701719920728,0.9595257675747257,1.286804270625354,1.0649740661626428,0.5725497902927674,0.8982535671420363,1.286813013363526,0.8845654835419492,1.247081371578793,0.8289031025143877,0.9380372584031234,1.1750139312670274,0.8713046552712621,0.9486911034974337,1.0979067152936248,1.3306650194611358
232.0,1.1201494655828272,0.4751738329503732,1.0819806793435054,0.9710054337975224,1.0154852277919364,0.6571702270170005,1.0135775328580892,1.3927784827481222,0.6841064431977218,1.155958127413601,0.6637332008149753,1.2309641217617935,0.9711149849979042,1.1863035998262372,0.6741936001465122,1.9863348832269783,1.427996430031569,1.2840739217806822,1.344541218028658,0.6537382525425743,1.0258616556776694,1.2119815843595383,0.8056045197667178,1.1795860543774355
234.0,1.0445780495297015,0.7981973307206897,0.8079467986861255,1.2741437671571227,1.0991000317708584,0.67179991628394,0.9516855283279964,,0.6461743296366584,1.2543642552696979,0.7044291145605153,0.9803624094811781,1.487023506811312,1.5301955540467336,0.7402857404319798,0.3065022691953535,1.3958988367228573,1.2331044110519604,1.531346907397261,0.8652176961960192,0.9025743513996598,0.8949000204587622,4.206359420238368,0.7403978968556585
240.0,1.0611068315318435,1.2486393716538005,1.004004836612687,0.5473090276037491,1.0784406326942588,1.0963917789022606,1.0362951394163307,1.0080622941553263,1.1422579477338772,0.9970894691582266,1.0308420369618796,1.08003869196464,0.6648983900518931,1.0880814590621783,1.1841702210249663,0.9950541265572131,1.0085390692618554,0.9515432619236818,1.0398732662756842,1.206467379235335,0.577187172071017,1.3957437669035673,1.1628703755040748,0.9120620433326836
241.0,1.0557390447609718,0.7479548780436428,1.0160756092598298,0.6056890602007772,0.8076172980008091,1.3613044677248098,1.0046316855381667,0.13506084303371294,0.8448540296780874,1.8776052670975831,0.9091966469541134,1.0328464818862217,1.831059872685226,1.9883182818184173,0.9156289981573107,1.9092135654856228,1.0767454463109514,1.3857381983578219,1.0401428991589756,0.9925106957275902,0.6894190306786081,0.7640996481671694,1.2624275771751727,1.4203350341633882
242.0,1.1667660484676534,1.1933070868538953,1.3172645260811842,0.7277877383804611,1.3371183932392114,1.1558052406868593,1.1230405278572946,0.9390364675280464,0.8967269938255235,0.5919913799927954,0.7693139633500826,1.0943082493745626,1.1663540178377005,1.2114627936000157,2.0124911525269344,0.5603770120122236,1.5809646105497255,1.0731955801496538,1.6050279230451376,1.000709331826944,0.03948709394932568,2.751655335949053,2.013623975450648,1.0825825768182928
243.0,1.0798526784489482,0.6513382293055735,0.9357736675479689,3.9242571025558175,1.4236431555379991,1.0235221387880447,0.8815552617605382,1.3543301345539172,0.8700091623036792,1.2661888973139068,0.6660822351109691,1.0048492626970889,0.8292467702694821,1.0213059768254442,0.8315426537401048,0.5984072644121028,0.9883757333336978,0.6292819505149443,0.954614040661442,0.7698997974397502,0.6848563316966851,1.2567287949457016,1.700397015976597,1.0706198324267002
246.0,1.011117266228113,1.1347832096150015,0.8417464670260566,1.1133964452105596,0.7608516895181151,1.2413922286287282,0.9208420751499344,1.547863430889181,1.0464590913195562,0.8888448800979272,1.318539682945893,0.9091801155058219,0.6122753878629013,0.9015769133342773,1.2859117199875556,0.8861570506911617,1.2354917631309308,0.633755218873173,1.073835716890321,0.7380580888712676,0.8705950326512276,1.5939731061927005,1.2645591628467714,0.9043544773265438
248.0,0.9760299094833957,1.4725509773893244,0.8523439309017092,0.12202657959605297,0.5960279706527558,0.8377582602447524,0.793529507979624,13.957652167459909,1.2059256369825044,0.6138955695276576,1.0907078189968027,0.7439183961074295,0.7095321767302459,0.9435579798194704,1.2103040206643378,0.9533688415452912,2.2550917711994987,0.6614481620521103,1.091562449225402,1.0612845758240501,0.7977442165547661,1.5136992286229243,1.689483894035264,0.7394243689759038
251.0,0.9522940016765302,0.8090190205108739,0.9832560937048332,0.5108504517725685,0.9380966013049501,0.8712665244349652,0.9405735375810844,3.715852122218367,0.8116328573185041,1.0193553383147862,0.8882176583285546,1.106155455105784,0.6368889833099843,1.05593335418823,0.7450761941347348,0.7525765144773232,1.0003174304396913,1.609743061277697,0.9652130756705993,0.9602801034985969,2.1051967843930237,0.9542314567701639,1.0282060559528459,0.9572944203480553
252.0,1.024561158886329,1.0043206929189787,1.4695312858856493,1.3034804000239724,1.425399941622054,0.6470620929575852,0.9828033006956921,,0.9303585657253969,0.9959661487942001,1.0265622371123915,1.318180916611332,1.80028163739472,0.9947160885931265,0.7363219507115951,0.9408713154933623,0.3971680038522466,0.4191494599817613,1.3413061868738727,1.020035820831415,0.7840637150212636,0.9905490087966871,1.8936810949667275,1.0740971453845325
253.0,0.9281612037067074,0.5240701996312439,1.163426151568579,2.508147834766378,1.2181561566502856,0.5234007313480488,0.8158329809765461,0.88372599840745,0.4446670528093766,0.5073085026692119,0.5044789221445342,1.0276897513152732,1.3615358837008833,0.9239631950850481,0.7224420593705627,2.878774289867617,1.6843142306830925,2.419488395991967,1.751242738539091,0.6333787423118231,1.7290368118074384,0.8480035832919309,0.6186315757290198,1.221636340523296
255.0,0.8293200337893466,0.7158138724751872,0.8688661382444957,1.5981464491098707,1.3042553339057252,0.8299193641137702,1.3749943539938623,0.25441274361616334,0.5739298534863286,0.9017729205955229,0.5443783366922236,0.874422608440475,1.6962664657956785,1.419454396943686,0.6875401864306846,1.7075895867007012,2.5959123104495814,0.5325366834850074,1.0418242326020162,0.7869406101449251,2.97647027938508,0.9443954262599772,1.1826536598152313,1.2209719916511896
257.0,0.9523640053838597,1.2528379750475036,0.7615077596110669,1.363524637367446,0.6661239657755438,1.118458327831187,0.7968142495247728,1.46341032909518,1.2579149051299803,1.036620788216699,1.0627370434297825,0.9177504446476098,0.5845314054879358,1.0763731197088735,1.239885131103341,0.5182578773677263,0.963181747240152,0.8368838284362016,1.2035767774962614,1.0717238848614503,1.2789687023685794,1.1436526195641246,1.3365333527430472,0.8889617779619364
260.0,1.0813209104834796,1.12970273852786,0.8889323907648068,0.4789000964721863,0.9434636426543891,0.9120757025989258,0.8889785506379068,0.7594623207050872,1.0666464229062838,1.1862650063892966,0.9127481298816308,0.971231032099187,0.7486239692079738,0.987656103121537,1.0739534768612524,0.8491597616856713,1.111638678829794,1.127491837749262,1.3237241381487885,0.913956032946655,1.9185310234700228,0.9271252929178194,1.4768297555473944,1.0986425029555287
261.0,1.111306194320863,0.9063843968452588,0.8908650229654148,1.0366489400070675,1.1162369330245532,0.9524862775174547,0.8680053745457276,0.6508620991374927,0.9023998628523925,1.591389491459484,0.7194271438103401,1.1788013275871498,0.7216965482859836,1.2773903474670854,0.843803120372545,1.3025757744490094,1.3974171217982494,1.2511899527364387,1.1842646510277175,1.0600532352954108,0.7653651513179117,1.119991811662965,0.6432956217348627,1.1982253784601944
262.0,0.9490454090973544,1.295367311894525,0.8022530911473241,0.3113899833664504,0.8311606275960947,0.6988989548228689,0.7982936641634689,0.6272108095864044,0.9957547569350353,1.3148558260346042,0.8301262887552421,0.8915736541709841,0.9143450342610482,1.1940741289670345,0.9609970688976364,0.6753244658640286,2.0024269863945263,0.988837679670224,1.4696993562379828,1.184760398171936,3.795917984229333,1.0680572394302108,1.3738606528834805,0.8490354762274668
263.0,1.0056212097419612,0.987408245081039,0.9260165118353213,0.44020658013051656,0.836863930142097,0.9080289036167022,0.9102132286642155,1.0577715970674162,0.9406630716728757,0.9319688904203238,0.7584510518892812,1.0603385339538849,0.591409310353,1.113637037158157,1.0340382004153343,1.0086517786959384,1.6565961644637208,0.9424784395702392,1.4542470713115745,1.2967966027442153,1.6628323717049334,1.1040752437566859,1.0733082560478309,1.201757856888979
264.0,0.9241217326538335,0.6749201499579541,0.9339852146588601,0.155144306210218,1.1595304108134783,1.0415185764494523,0.8215780517891926,,1.0033344189867293,1.0119598800178096,0.7849325770914976,0.901249259419675,1.196140252551378,1.2513203510762512,0.9406149957044868,1.0519943702184675,1.6232309513739667,0.6056467217585563,1.5617493445005337,1.3950119333838187,1.695492943066846,1.432448213373752,1.8127793508607917,1.111664087141036
265.0,1.1321389709615486,0.7118008214320058,0.934118708618658,1.9404652868623473,1.125001716728179,0.7832404876523095,1.0271373063576559,0.2512014464090663,0.8473736784865891,1.1534178040674679,0.9896217545131265,0.8819691734827111,1.7491576992676927,1.4033453400294504,0.8928524273893711,3.2798898018919176,0.21503391116811088,1.1854669365545951,1.578193528230237,2.0407810965555377,0.985053661674498,0.8662425333571496,0.64135515083694,1.092866446613333
266.0,1.0109711001802302,0.897927171408536,0.7972712766064306,1.3041687301472706,0.8940386987502332,0.9224724121782945,0.8850807048951492,0.6092947868620457,0.9594593938052446,1.0872702081572934,0.7705119821530502,0.8739089637769494,0.7163289522630396,0.9588609946148081,1.1624967805971422,0.991996200137562,1.1998562000339952,0.9573246593939168,1.2926804165313015,1.127593520760109,1.1489952273018962,1.1143052590191986,1.4158030532907362,1.4106626417730264
267.0,0.8812180676069725,0.8506587794778889,1.0083259338593604,0.7088535721467797,1.6055151484613464,0.711727643260816,0.7476655477417969,0.8820571772368677,0.7695860600433497,1.282824605080964,0.6316855806260152,0.946417479326038,0.854296980842663,1.3310672319899748,0.9168984909709986,1.6533802367175288,0.33994698816940994,0.6925728162807762,1.6890729400951325,0.9656031457573674,6.944150767163711,0.6413262778861788,1.8413353309137468,0.7730464111616737
271.0,0.8118714327380776,0.5157808810437131,0.7355164991805041,1.3606738928059852,0.7857212724052768,0.6963210251604043,0.7282662343933304,30.722570789643736,0.8360868294644392,0.704109576403787,0.6349305175312446,0.998915913013333,0.8882052182879715,0.9676336205359989,0.6382788778065926,0.9080615470436703,0.7221191624502423,1.7927497054115944,0.7800238337567951,0.7640887869171991,2.3668571259927114,0.6524117458303723,1.371749807713348,0.6412531845918532
273.0,1.0043999449777745,0.8841168348092602,0.8333630382954945,1.814493830049765,1.0690207444181627,0.9539663162143175,1.2513173540303921,,0.7685199047360384,0.9040492577875983,0.9907572625178208,0.8933586116002173,0.9541866911309619,1.2506242185847258,0.6958055618581168,0.5329002228541728,1.7271554217935385,1.2173689753267416,0.8159093397679146,0.9186068650467223,1.3750890061735903,1.0217814896417863,1.1284986947958036,0.8583370345014485
274.0,1.0129578659583247,0.712546405118741,0.9669701347251736,2.0246174451528898,1.0045492537263276,0.9370904236719813,0.9860900599677082,0.2377118452924094,0.9507790304274567,0.7974328365648877,0.963103440600154,1.1350163934628363,1.1035996952004097,1.1446166393430979,0.8725640995525326,0.8184727810962651,1.8424076491962467,0.6032256206693724,1.454047584805008,1.2169949281346186,1.3137367723694584,1.0295944620368422,1.3494018320787302,1.1949467684014237
275.0,1.0304986068707358,0.6748699935644092,0.9566969825670425,1.4936424837861317,1.0819173820339332,0.8471276033295109,1.3078834466606557,0.8006441913932292,0.8286389529431188,1.075688255082641,1.0010605760118065,1.1166096542653448,0.7095097646658098,1.2497785442025224,0.8693013366036215,0.6774026211108151,1.0866267339601272,1.1743140128611633,1.4424856269353286,0.9921114790988572,0.5029381175750519,0.9128428933254302,1.9391292845944368,1.2396062424303875
277.0,0.986822866330853,0.9810793187505206,0.8107239981709851,2.824183145911776,0.6378069281627733,1.0365304390022314,0.7644552069689398,,1.2159750569480827,0.8063791542710247,0.9735620002948686,0.9777337034908214,0.629310228052283,1.1308876004745627,1.190649820587989,0.7349862926371011,1.2396117509500812,1.176530077469515,1.2315699275713148,1.27720043129825,0.6240750957220469,0.9277891986779371,0.97706906358832,1.1831872836574253
278.0,1.1052341700425863,0.7024663426154311,1.0019204056170192,1.2750050872130272,0.80014630050145,0.8575628926873665,1.3045808681773396,0.21181562897827375,1.2905405700134982,0.957398104991518,0.9128387523344881,1.2094152162598852,1.0005777349792777,0.9639054407885671,1.0302737725470221,0.6546312167074699,0.98388878815578,1.3355654312363212,1.6530724306860596,1.0087561550354143,1.403649898172228,0.8772087816000348,1.6751796772316179,1.3259583323876432
282.0,1.198325290288493,1.0722706297959819,1.0096586952255107,0.7959913391686397,1.1045575732950255,1.005983333903153,1.2059110566631432,0.4865112733739852,0.5866489654003968,1.1673492216889294,1.1875419670209983,1.0965846285938032,1.0388572450640672,1.1385151955741106,0.8837205565913017,0.954727156223777,0.9004930201932192,1.0242994649763324,1.128955211251542,1.0148189345045409,1.0028305080426496,1.1557721596941188,1.1721259144505374,1.1626388556717875
283.0,1.0706722785814105,1.645606026065609,1.3119386902033985,0.340071941406402,1.1025961707484602,1.0746634868603777,1.0969844963074797,0.8128993627075082,1.1168281884225537,1.637775704181774,1.5946950970646272,1.080362179704022,0.9983065872855472,0.7881321068447869,1.1694908054857034,0.7734982443635706,0.7335188583555757,0.9275373795056374,0.8964640401823842,0.9504487129568118,0.7225889249492873,1.3705308972921235,0.8935314032762867,1.04641955204742
284.0,1.0102373279131396,1.11099775447641,0.8001357387679668,0.8527806864490842,0.6980137207291769,1.0551693123047698,0.8323703952447754,0.2578884179148723,1.052997089717528,1.0819812778459814,1.1686035018865109,0.8753680177967611,0.7464108523574442,0.9318398434395899,1.1625256637772206,1.4070402068860468,1.606404185424529,0.843198811267235,1.2773965322018719,0.9360651334330408,1.4500557841944333,1.194789796501579,1.8864612167860506,1.1766682723888398
291.0,1.0502893506698197,1.6976158138906514,1.253669741436668,,1.6627364537378186,0.836346100405109,1.3748608119220391,0.36105699954424675,1.2887848035835066,0.9135795006103712,1.8238877550541484,0.9672914974745133,1.1037265311674418,0.6681596937077041,1.155823169524134,1.0987252938836745,0.6674177468656858,1.6551581904410677,0.7417999341369392,0.6492403183953316,1.032986185107776,0.9276902236571595,0.6252719488962075,1.0450186733349007
292.0,0.9658565448342372,1.30566015226206,0.9032904786027965,0.06899508036573601,0.7449053464677142,1.2014676356692537,1.0199774263468457,,1.6571095290903086,0.9988064377121839,2.4728088014446534,0.7388715116137212,1.884816520427783,1.1401331586677552,1.814952313835033,0.531912775199957,1.6344390346169217,1.4236542728453903,0.7715306275067401,1.6363425324404253,1.2795262700799945,0.811370268724636,0.9979893297144486,0.7299460921726751
293.0,0.8648946505514121,1.0867799301814154,1.0227244620998956,4.309312623356337,1.1515271601307009,0.7869871957188694,0.8973101980838256,2.2633344178764396,0.6607987897410336,0.9491893842794277,0.7045359511364218,0.7521935774999261,1.4553871698385747,0.9839668588773728,0.7370370199936357,1.7152924519637338,0.698161163997272,1.3219093093689416,1.0675208841555428,1.038008674722244,0.14995197177326727,0.9672898304905482,1.1611962922163463,1.2653329370674924
294.0,1.0641458640084966,1.1878113382990045,1.0340695808339873,2.700302516776513,2.15451735335334,0.7852466196829707,1.182559110066617,,0.9109034381865836,0.9401061404163553,0.6088559217974608,1.3963582301268327,1.0698421710184913,1.2684566587389199,0.7790977668643271,0.6836680029680738,0.07874093611841873,2.341163373109248,1.271720785095608,0.8356535607814034,0.629871073586146,1.2055395029776668,2.3462536233694884,0.7710076475771254
296.0,0.7833646050203819,1.0479331570938109,0.9380825313384307,34.63652193270607,1.0196831528821053,0.4957157986449866,0.8665870119217096,0.3564653727221169,0.9789099061426878,1.7565643926158512,0.7467170685379549,1.223771137552186,0.7783277259448105,0.500002239274545,0.7997248482202558,0.5646923931920244,2.389727000576091,0.8025279794606872,1.028820320350387,1.0794932481129786,1.0612403112677362,0.8060442049215222,0.7416483562310942,0.6434443407168957
297.0,0.9584924815847236,0.7785910375253068,0.6063244305309385,1028.5369625789554,0.7787533889591218,0.6793142291803267,0.6875156138837983,0.04722163474575788,0.6619777104548853,1.2836514422202745,0.9995316121973173,0.8501838192845362,1.236020444159048,0.6734337993098196,1.0670514733018879,1.540538109660266,1.2076417633216798,1.6167676186984878,0.5622545813527772,0.35887282482896127,0.47302846957864175,2.0187037835420822,0.9065668174266112,0.37126622917278923
298.0,1.0284389513097083,0.9028746372689327,0.9493274310832733,0.3671697832973304,0.811802030725629,1.2164091432530377,1.0110218343281787,6.980915996984227,1.2176843323089535,0.5970995155506368,1.4789549384108776,1.1826912630444528,0.5707596240567495,0.8162140137453886,0.9679936472071429,0.7694419527917318,0.5906299439685652,1.6647885461938174,1.183048074614699,0.9985761775046137,1.1225080911085377,1.1071146268307026,0.6998960994128965,0.9943083972905026
299.0,1.3883446475336454,1.6758048128750995,0.873019749627796,0.34272383832723724,0.6549881610315423,1.1301373412007676,0.8979865866749706,,1.082846829891086,0.6909611789475527,1.4122627154598983,0.8337457137225157,1.5555160855102574,0.7941551676595021,0.9923568669836859,0.27957054402519826,2.311352184755957,1.4535597209118645,0.9003336110348098,0.6136309316982349,2.2409671796702626,2.8854638297182595,1.0917590510933555,0.5462353200929395
300.0,0.8575540323015785,1.4292241798232084,0.7735641018500033,1.2664697113553098,0.7278438493015846,1.0547014060981097,0.7883845869256075,1.7372554332933954,1.2947603840674506,0.8749748860359275,1.261919819701558,1.0734623336878384,0.515973471456629,0.5615466048999856,1.1546618992375577,0.7579835883405536,1.4058949003310441,1.8052519715408044,1.0944924340301427,1.0075469584905667,0.9924942130720524,1.2755770718367836,0.5919146920119096,0.9704732317428891
301.0,1.0317207237037318,1.4117190777772044,1.2204053310512952,0.4727384938330184,1.1788801735912804,1.281351273688496,0.8886614395683973,0.6312078714998155,0.9944016808317001,1.2865613837250154,1.348846026575391,1.1564357504973886,0.8578984869418961,0.9430560469562129,1.2314018261946185,1.8235638839317678,1.0937012062242835,1.219057990885517,0.5723603865763772,1.126724763699127,0.419629992655295,1.5108534980444088,1.101046824208142,0.6454198674541285
303.0,1.0765077683337931,1.2640164673181633,1.3508918687792981,0.390106574685184,0.8702335212214165,1.2899199501258107,1.0947771560339246,0.297508144660959,1.0249384413437335,0.9731531511017055,0.8860719320784911,0.9362000910009063,1.376477176686259,1.2362494632827556,0.9495517083269438,0.8797108018070389,0.8973629676174193,1.191491779141204,0.7580248503013404,1.0152955286548742,1.915938241324628,1.546960592880186,1.0688860990632805,1.2440146180704224
304.0,0.7137152790542802,0.846327647707333,0.7751668978289117,2.213363978506735,0.8637126658620476,0.5979762595310357,0.5445183114751011,773.689650548704,0.6864350457153389,0.6395140317982324,0.7448032713997305,0.4255743217306928,0.6703174353957211,0.9384247199250073,0.8374278254371379,1.158274522591659,0.715435740513835,0.9996733633230633,0.5272495956325812,0.44624692689917034,0.40195087746793073,1.734763474120012,0.5827776332398613,0.7638607209211135
305.0,0.8846318976722579,0.9241035369300307,0.84338239509126,4.497431581347425,1.0594517067920723,0.8499666392964922,0.9612874684055868,1.311077484479573,0.7455242904932564,0.6183385077687907,0.7250458444361969,0.6491911361274774,1.3068616581545127,1.0531140689757075,0.8943052902096963,0.986508278747533,0.6697883500455803,1.3216542351021199,1.2293730859020149,0.8433326046762495,2.7457384990769924,1.0477932467328133,0.45706166452037744,0.8937121995592953
308.0,0.6806767474524658,1.2095868485921553,0.6442316124164992,4.977376746825775,0.8828348175753281,0.6370631399032635,0.6207930641393038,1004.8788083405437,0.6023696802935905,0.7109373428008087,0.44768011849900047,0.6555967028562404,0.827184711006527,0.5397706947539509,0.5994563079292528,0.8763858269487685,0.7663186885902962,0.8271328791595743,0.6624478064879012,0.5800817415079348,0.4990612141289818,0.908062429013156,0.5579164881919888,0.5946056641536231
309.0,0.8073837914301801,0.994976116774734,0.9162896849909119,2.484438287376398,1.075471074038928,0.8737850122537271,0.8146433315708864,,0.7930581913764801,0.49421943488123815,0.7641499182261089,0.8250901618334543,1.0375286407748752,0.8517165621104236,0.8840461731829933,1.7121412431034544,2.1674669773569932,0.9540932208384778,0.8304193593902129,0.5454607036848764,1.9456927668688502,1.1942362415186443,0.9818161820187474,1.0112579888549906
310.0,1.0625029516580462,1.3432379264105003,1.2398861418948448,0.46406540065947083,0.900084854062765,1.3207996417974457,0.9583782871339932,,1.174124371723945,0.8821151472206277,1.2171556449805778,0.9568083319217947,1.0806911363978822,0.9556333616994206,1.163547501091574,0.5490480217782376,0.8432674638583768,0.8126679437971993,0.5996518700434318,0.8373443295022431,0.9368670040258951,1.8146571868932195,2.7016275731773276,0.8498083525384018
312.0,0.9146978863723149,0.9912409384712236,0.9259512255982145,0.8626121454053227,0.8429263047622031,1.169736950164433,1.402699565566679,3.2977361485766887,1.4485961882096066,1.2087815607401748,1.1471166597918014,0.7299840970208926,1.9013410959944974,1.0120865688776959,1.4995109752065607,0.5902026060450983,0.7560103928748816,0.22373203588101467,1.0592182051818122,0.7616681801779315,0.40364070020751314,1.3293487258455263,2.19122574357051,0.7556283213014094
314.0,0.9208160346859431,1.149937793905679,0.985831866520936,2.8403607949286913,0.933185796303075,1.0642825812877468,1.0312298660152652,1.8292380546058957,1.135466833805729,0.9117353425558982,0.9828971826033613,0.9557535979546599,0.8027563367074368,0.8844337365747769,0.9889579315094006,0.704252860758185,0.7698938014708917,1.093035850738215,0.7562265713486337,0.6583081521499482,0.9033579127731566,1.2555724971512514,0.9106587197544594,0.8651057201536265
317.0,1.0283623086740037,2.547235345996889,1.1804086917643957,7.478033041407617,0.720217071318477,0.7156089542062343,1.0540911651365246,0.6906146863648335,1.2442143835618782,0.7581944099030222,1.0506882070788575,0.9396758604344209,1.0935962382335112,1.5488187104737017,0.9998260685284752,4.706024282500093,0.07470637222931799,0.5859262144257177,0.9239927207558886,1.3288375279612576,0.5008140833794857,1.3737616640461534,0.7439983900607864,0.5644779319338142
318.0,1.309373083487602,1.5087971852178839,0.9928798229980603,0.18281964073075324,1.1567992898613406,1.5090612682171933,0.9981708372430499,0.9182643306533911,1.4499192060860455,0.7397620998951406,1.3873454969331722,1.1541258110463075,0.8747995824666968,0.9389721347901712,1.5801542319693263,0.6524365834346,0.9181103262310021,1.45138184364405,0.7152674378775192,1.2534337303004792,0.6133483439670553,1.1508150213085475,1.178441893678943,1.2058928267986746
319.0,1.1354840136400357,1.5225468313150001,1.0434943754664956,0.6709115367754876,1.0800363007120883,1.3521144700534866,1.0969973814967182,0.3498467338904111,1.426286712420372,0.9519057529018577,1.4641162977955322,1.1974491103795448,0.7940481786357227,0.9311657367796339,1.6686958152665987,0.7089912288241854,1.3767696421455335,1.6652958067084376,0.6180984465426963,1.3285303025729247,0.6190402386818008,0.7527187139984928,0.5949383486669114,1.3565226926166705
320.0,1.0273645992069411,1.0866311288315649,0.861864358719362,0.2768267409067232,0.872766887401823,1.2450416973447345,0.7928181160300102,51.425812085000295,1.2501087829146755,0.5341441002685059,1.2085239150981841,1.003698830227574,0.7267947467744901,0.8137250251387033,1.0755511437498002,0.578793160443601,1.0682598318070298,0.8029203854907614,0.5067284638539198,0.9261954921482503,0.6402589933315317,1.0956664691989613,0.9688427248235623,1.0386899117353798
321.0,1.2449855281573232,0.9776584599714907,1.017815625098772,0.41898022499340065,1.0069460183043595,1.4047761433788062,0.9990766985524837,2.2240780878784747,1.5645382573564475,0.65819279917781,1.5818122335666707,1.1228556695394507,0.9096543412950768,1.165966123095063,1.326562712919037,0.5603062364555126,1.1682473166547058,1.4804389772916282,0.5318659040803212,1.0889142773493026,0.4025760423322465,1.1974990780276462,0.8809354436776903,0.999313206794264
322.0,1.1661558215767314,1.2721139464553644,1.2061249171518047,0.2857396769873291,1.263113808057096,1.2640692827686757,1.4799809594352407,1.4836332093244435,0.995463129387331,0.8061071916113617,1.2426909266364674,1.0170577925912627,1.04569961461415,1.2403069467584946,1.2327245937910123,0.5318815489757779,0.6019585666614583,1.362960602372344,0.7003687672834256,1.4584701247148728,0.8832191205568659,0.8482072610983389,1.03779208018908,0.9927952123475294
323.0,1.1946565831281075,1.4608779841706916,0.9440214621029452,0.9544495955118552,1.0785471743177633,1.3840764948414266,1.191435566130955,0.48864278795655536,1.5461461363850213,0.7594189269948047,1.760438217791954,1.0407197018924963,0.89402934663007,0.870239276218009,1.4520292407738027,0.9012231837661074,0.9692170872272927,0.8035517733008533,0.5585510878235165,1.1845994464929477,0.539973921059353,1.4428987083427778,0.8564211360368273,0.971620709765806
324.0,1.0850909256157706,1.134973565524721,1.397223552489476,0.4875144787593254,1.2077227289401071,1.2753963663184902,1.2469894639447607,1.0714566847584215,1.1851966470139697,0.6904628063859105,1.0149924833422626,1.4933610695636763,1.06804756290412,1.2942718979087697,0.9817279300229587,1.011549226460626,0.5457455091729029,0.6755622556449333,0.6512882986093141,0.9684391732177701,0.8337122343578671,1.2653088979894602,1.5766601596209697,0.8795089172964432
325.0,0.9790099549680904,1.3018979518089822,0.9523626390918566,0.5756010919803145,0.858078641546617,1.3602367589520534,0.9960602081608687,1.7146334668092817,1.2482525488773355,0.9685265461323184,1.4853217506036718,0.9726150210874062,0.713384547213816,0.9439794954657473,1.3358275813024052,0.7492352145021244,0.8295285653717733,1.303198859364158,0.7266799220649884,1.144508635249909,0.6426430113522608,0.9864074264847742,1.1075266683374454,0.9662701578727262
327.0,0.8715271651215617,1.2163000119720002,0.9354217696044167,6.969066598059229,0.9601032032547356,0.8326097990394317,0.8924077484890863,0.892999685259086,1.0341420356768936,1.0276691279288255,0.8691875176038161,0.9049274650415722,0.9482976341670135,0.7437597736427852,0.8562191381015799,0.44103921706155247,0.9606984853052677,1.4726938774984955,1.0508854830799736,0.9735183183641477,0.716062155864171,0.9414813705848691,1.0593528293908838,0.9870059312313997
328.0,0.7066786673736184,0.6096190337613577,0.9626887995983034,125.06878114806662,1.5055941370426293,0.8403710562304019,0.885493155147047,0.47522367962133943,0.476718605199431,0.9416089680664714,0.5165972384964529,1.0355152758326953,1.9660693581292172,0.8004772285131331,0.8621837048867161,0.6941520990975872,0.5694840703536446,0.7015253830221724,0.6400106600330542,0.7797734887696066,0.939275332035809,0.7445200563542024,1.4386516270523517,0.7981292593844064
333.0,0.8016789465033929,1.3500888513424352,0.8815906280186596,0.2490872155439261,0.8644368430335395,0.9015424372672521,0.814371597705839,11.938470655068581,1.1263563260433223,0.8881805310014714,1.0803527553119179,1.00645981715708,0.8180404126626102,0.9645387886705242,0.9995518338257696,1.369228883477843,0.6067349484539544,0.8140198121830874,1.0811186849937457,1.0699265773897175,0.9948642463442477,1.087669411909447,0.9697499755264086,0.7885536636644171
334.0,1.03075565919921,1.5976251881190007,0.8876642846712818,0.25719681651068604,0.844547016686531,1.2668663047092488,0.8959470478963966,0.9929488750612575,1.5516820216607687,1.4010023396828284,1.3062845077224168,0.885333553280918,1.219497874846959,1.1002425190835405,1.3307939723039484,1.0585069988470817,1.2687181023286094,0.6204402416999771,0.9092569859725307,1.3434423376973461,0.37879722421715406,1.6497140270232646,1.0342919880378083,0.9462403905137597
336.0,0.7676878620176133,0.8739829043240128,0.6207973276665582,11.051402393359583,0.8314581040955874,0.9975407416690165,1.29676272595615,0.451374738635129,0.9455712667388037,0.5179333690175988,0.8588844641612443,0.9153117068924278,0.6543021991826015,0.9112486971888185,1.0032966203079152,4.792055726377464,0.633890207679233,0.2804904684993291,1.0770171541907698,1.0548976297032613,1.6831907422945263,1.6259500121521755,0.7577884524934236,0.9677971721451974
338.0,0.9171736168993526,1.2338052603483738,1.0480019207679383,2.0310036673687275,0.7144198240248267,0.7050805025418236,1.1117295174574482,1.4901567330984757,0.8618932685561106,1.4736299982713676,0.8337420479969533,1.113537570623754,1.3861121606117441,1.1969482922350752,0.7549950626279742,2.00622920109424,1.2324967607445343,0.1881923339413408,0.8900852869341531,0.7889326891904858,2.240100158163293,1.0856682792538264,0.429895153732132,0.9859216121489541
339.0,0.8904124285324366,1.6243832950011663,0.7188095686486807,0.47934808430063475,0.624424859552381,1.2522156262805952,0.6682815111673359,1.972816457861795,1.3434804948674546,1.0643749252639025,1.2476858204899912,0.9817014822640577,0.5594924421921988,0.774492244485626,1.2790256977879388,0.8465296630955884,0.8325514405277746,1.3033636175353522,0.8585994959447556,1.4744120634326527,1.5057354411189572,1.4855289018086246,0.8142105226200953,0.9467905067269853
341.0,0.9901404188072707,1.547874232613194,1.8947257679442995,0.5887011793335264,1.8852984966485837,1.0332355759243315,0.9267689860629253,0.19877551163148643,1.2574607487708442,0.7060203868958559,0.9051121568186037,0.7583914844159124,1.317694033374205,1.0307226318266693,0.9821548623970403,0.7587950348739348,0.6013925197346861,1.7506726888166466,0.8965885041803946,1.0044550057136188,0.9459300379489276,1.6161593420884597,1.575938139532191,1.1568447186303652
342.0,1.1772420460433939,2.1158735982621955,1.1592761794807123,0.3202953369169673,1.4191505464590228,1.3164226920317654,1.069365417994742,0.9936354046519551,1.0280196079801047,0.815216285563751,1.1055319354403719,1.0966549199695157,1.3643847222036887,1.0116256753364483,1.3856493209141236,2.0070810108489465,0.38700967887418175,0.35007316933240207,1.3174618434926382,0.789435021533811,0.8063005005736168,1.1752748238542026,0.9365603878967055,1.1166890939600194
344.0,1.0143223619503359,1.7757873420721633,1.1090810058939877,0.29420050068584713,0.9352156067681892,1.3068410006799231,1.1099777091658094,1.0425479442525225,1.1187456234438107,0.8231723271916223,0.7295253031063427,0.8886751044555827,1.3118711366887694,1.2923074462872601,0.8920213010697242,0.7864954255739436,0.5350485775192296,1.749789126557142,0.6580435380939123,0.6827360410784221,0.9483360028423911,0.950923699601071,5.370418545511577,0.8316588504137981
345.0,0.941259008547171,1.2229169152748998,1.426349886550081,0.9892501046282678,1.7691949992499039,1.0001387498951249,1.2755216441816615,0.9929472042853559,0.8982535530229698,0.7037388630129374,1.5107218298253495,1.1016719675737405,1.9975533270105024,1.1212958419091195,1.2097476406156293,0.8748420980923617,0.8713100132571833,0.3240491786864989,0.8000356979499929,0.9682760549587637,0.7064599972293851,0.9028865476662667,0.8675887512902469,0.9101114675431518
346.0,0.9212088703564452,1.6018601631192961,0.7256878226330664,1.1375310197685258,0.8299738470945514,1.1196886520211267,0.7946993361407324,0.9834128527272001,1.2842562265021975,1.1267087230686896,1.4369155647060363,0.8546175503058575,0.5212576980211089,0.579878414069546,1.405662558905139,0.8457503309628724,1.1729185628394438,0.8282430482712062,1.1046076251662094,1.1035899089529153,1.2781037913242193,1.3102141531871072,0.8981262812500699,0.9938880923039306
353.0,0.9797326526971519,1.5997182052900463,0.8269835835003441,1.8065305290475662,0.7076962424346035,1.2210480145603642,0.7742130369814477,0.2928968953777334,1.2112931151568458,1.3982183035854712,1.22540283314773,1.0584042396946807,0.5150200577055054,0.9987815902702973,1.322859872463032,0.5533923496456509,1.0052646805204115,1.1474216136779771,0.9342995512948762,1.2543433043553986,1.1573932515492973,1.549123107057921,1.050434075004849,1.0349367826303462
355.0,0.9775163821747601,1.4501550977671256,0.7011959941394054,1.3604370404661486,0.7640963126797615,1.1144015238525287,0.8261701039055407,,1.0810997384060266,1.014635732873244,0.6509672342426105,0.8172041055698751,0.7112296343717662,0.7790369764361448,0.9113533757064046,0.5950081590479721,1.5758927467406902,0.6309804422037664,0.971716835828115,0.9128240184846693,2.6923101707208157,1.4381904549450275,1.679331535644921,1.045427319955017
357.0,0.6960070534509063,0.8914242005105402,0.8219719519007453,2.2947917282114108,1.3757496805669798,1.0960818516361566,1.2006325267539217,,1.0708490785521259,0.20956607596004856,0.7107127217871309,1.0334224675748205,0.9781102365194164,0.9323344592202789,0.8359263837821681,1.1638935597529532,1.022068360580318,1.9507630076497342,1.5818041884827085,0.8899991614694432,0.4690036082161577,1.4425873133802114,1.2703951084300351,1.3377137683637401
360.0,0.7855493190213542,1.354620011115603,0.670140949235554,11.395091159893584,1.2625388778984137,0.5999486388520963,0.5461768514615042,5.224292704387581,0.5444425258918432,0.8204313830580808,0.7433109433023097,0.9226236276933344,0.8151139188578798,0.618872831371682,0.6241163591845693,0.4205533494571249,0.803372806313687,1.5089170356876425,0.9413083517923786,0.38403068906454624,2.9700386037984474,1.1724131882932056,1.1985680359154318,0.7675803817062374
362.0,1.061257539843818,1.2235163496961048,0.6156074927635132,0.4562630556024371,0.8838762024920112,0.8706585518563601,0.806024111823626,1.0016946224713712,1.084988467610357,1.24286970691372,0.7670620660166725,0.7035589910610213,1.6358053931501733,0.9837696239165795,1.2364317726709588,0.23301916696063874,5.723375124847415,1.4281967060978389,0.8747291581905986,1.5373815082343307,0.5272458590150353,1.5144163400841502,1.5454054449542156,0.9641898443895807
365.0,1.360702811788357,1.9537265892736961,0.9142331115263729,0.4233633790373198,0.6603097625114378,0.9581483705539071,1.4322468973293743,2.06403539788015,0.725537622199447,1.5880903855314763,0.7492904186136993,0.8949775428662621,1.5765866750806528,0.9884819794790188,0.9728704383181701,1.6439743270403062,1.9761137589343472,0.09461956563072985,0.8576867045988584,1.181706285343427,1.2195202429190197,1.5473426412859894,1.0698471099719717,0.7052201660327946
368.0,1.0653223041019455,1.4897411620485754,0.9711078548723169,1.1522295689445317,0.8112322337444655,1.2743713908520318,0.9344829718888386,1.4073099308141073,1.1606971055856377,1.5692976128964962,1.0742647521476254,0.8280759584381718,0.5319073336173474,1.1335575723054447,1.1458404523286674,0.723249550795952,0.5087995069555281,1.1543811197894076,1.3472510575091141,1.9636051439530209,0.36036374012207273,1.0847120907197503,0.7953707915005367,1.0589560253595949
373.0,1.0965236913566925,0.9923974848866314,0.9575889976282934,0.3653341589468749,0.8377707667002836,0.8396888582881439,1.137100622335323,1.2777845759502167,0.5001851156986429,0.968551449665381,0.5920978769810404,1.0865747048289058,0.8021582399285387,1.3200272249430192,0.9825345073953056,1.3729268636695373,1.6416668843756208,1.2049654019932006,1.119421230888297,1.2411693174377931,0.9437382320384947,1.3576062941458094,0.8336212157912722,1.9665442506904112
376.0,1.01050972720103,0.7484444948822907,0.9874847477006473,,0.7983881898095339,0.8434082751619564,0.8502712405019758,0.4795664175055403,0.48275091222907707,2.291071852015033,0.6336024399531494,0.7961542450023984,0.5018162648815013,1.1653829807786291,0.6709079843167652,2.553739520619824,1.1230011986353075,1.502816802353842,0.685094291094206,0.8940071950377254,10.645514910515335,0.712327057682866,1.3037006231716692,0.8536519739920025
377.0,1.0396341302551646,1.718398991296166,0.977646775333286,1.5306530344402076,0.9663425045837961,1.2632695825640181,0.8394568533600842,0.5922211767183729,0.9454534845819949,1.7160353708228198,1.29152765652693,0.7563418991101549,0.8183466961582747,1.0222677087515695,0.9920715921297512,0.7495071017889627,1.0745620994516751,0.9288307568340864,0.5900258370081731,1.4819879878878206,0.5641606928672551,1.2789602283697181,0.8413836976937884,1.1799959295266647
378.0,1.040347022088521,0.9448115451863803,1.1076674171597811,2.5374086631065973,1.5502724678820623,1.0786468618761444,0.9935176323861766,0.27768289197911644,0.5753390059750061,1.4726462122501907,0.7201333542737962,0.9076367413108228,2.078329255729945,0.9753217463597891,0.8877223200870172,2.0927537080134737,2.3480363184226074,1.2266941924267833,0.7348201311920407,1.2338447020528611,0.27126936154213976,1.2865607680826907,0.6259669979551987,0.6594697080020747
